Date,Total_Death_France,Daily_Death_France,Total_Death_India,Daily_Death_India
2020-01-22 00:00:00+00:00,0,0.0,0,0.0
2020-01-23 00:00:00+00:00,0,0.0,0,0.0
2020-01-24 00:00:00+00:00,0,0.0,0,0.0
2020-01-25 00:00:00+00:00,0,0.0,0,0.0
2020-01-26 00:00:00+00:00,0,0.0,0,0.0
2020-01-27 00:00:00+00:00,0,0.0,0,0.0
2020-01-28 00:00:00+00:00,0,0.0,0,0.0
2020-01-29 00:00:00+00:00,0,0.0,0,0.0
2020-01-30 00:00:00+00:00,0,0.0,0,0.0
2020-01-31 00:00:00+00:00,0,0.0,0,0.0
2020-02-01 00:00:00+00:00,0,0.0,0,0.0
2020-02-02 00:00:00+00:00,0,0.0,0,0.0
2020-02-03 00:00:00+00:00,0,0.0,0,0.0
2020-02-04 00:00:00+00:00,0,0.0,0,0.0
2020-02-05 00:00:00+00:00,0,0.0,0,0.0
2020-02-06 00:00:00+00:00,0,0.0,0,0.0
2020-02-07 00:00:00+00:00,0,0.0,0,0.0
2020-02-08 00:00:00+00:00,0,0.0,0,0.0
2020-02-09 00:00:00+00:00,0,0.0,0,0.0
2020-02-10 00:00:00+00:00,0,0.0,0,0.0
2020-02-11 00:00:00+00:00,0,0.0,0,0.0
2020-02-12 00:00:00+00:00,0,0.0,0,0.0
2020-02-13 00:00:00+00:00,0,0.0,0,0.0
2020-02-14 00:00:00+00:00,0,0.0,0,0.0
2020-02-15 00:00:00+00:00,1,1.0,0,0.0
2020-02-16 00:00:00+00:00,1,0.0,0,0.0
2020-02-17 00:00:00+00:00,1,0.0,0,0.0
2020-02-18 00:00:00+00:00,1,0.0,0,0.0
2020-02-19 00:00:00+00:00,1,0.0,0,0.0
2020-02-20 00:00:00+00:00,1,0.0,0,0.0
2020-02-21 00:00:00+00:00,1,0.0,0,0.0
2020-02-22 00:00:00+00:00,1,0.0,0,0.0
2020-02-23 00:00:00+00:00,1,0.0,0,0.0
2020-02-24 00:00:00+00:00,1,0.0,0,0.0
2020-02-25 00:00:00+00:00,1,0.0,0,0.0
2020-02-26 00:00:00+00:00,2,1.0,0,0.0
2020-02-27 00:00:00+00:00,2,0.0,0,0.0
2020-02-28 00:00:00+00:00,2,0.0,0,0.0
2020-02-29 00:00:00+00:00,2,0.0,0,0.0
2020-03-01 00:00:00+00:00,2,0.0,0,0.0
2020-03-02 00:00:00+00:00,3,1.0,0,0.0
2020-03-03 00:00:00+00:00,4,1.0,0,0.0
2020-03-04 00:00:00+00:00,4,0.0,0,0.0
2020-03-05 00:00:00+00:00,7,3.0,0,0.0
2020-03-06 00:00:00+00:00,9,2.0,0,0.0
2020-03-07 00:00:00+00:00,16,7.0,0,0.0
2020-03-08 00:00:00+00:00,19,3.0,0,0.0
2020-03-09 00:00:00+00:00,25,6.0,0,0.0
2020-03-10 00:00:00+00:00,33,8.0,0,0.0
2020-03-11 00:00:00+00:00,48,15.0,1,1.0
2020-03-12 00:00:00+00:00,48,0.0,1,0.0
2020-03-13 00:00:00+00:00,79,31.0,2,1.0
2020-03-14 00:00:00+00:00,91,12.0,2,0.0
2020-03-15 00:00:00+00:00,91,0.0,2,0.0
2020-03-16 00:00:00+00:00,149,58.0,2,0.0
2020-03-17 00:00:00+00:00,149,0.0,3,1.0
2020-03-18 00:00:00+00:00,149,0.0,3,0.0
2020-03-19 00:00:00+00:00,244,95.0,4,1.0
2020-03-20 00:00:00+00:00,451,207.0,5,1.0
2020-03-21 00:00:00+00:00,563,112.0,4,-1.0
2020-03-22 00:00:00+00:00,676,113.0,7,3.0
2020-03-23 00:00:00+00:00,862,186.0,10,3.0
2020-03-24 00:00:00+00:00,1102,240.0,10,0.0
2020-03-25 00:00:00+00:00,1333,231.0,12,2.0
2020-03-26 00:00:00+00:00,1697,364.0,20,8.0
2020-03-27 00:00:00+00:00,1996,299.0,20,0.0
2020-03-28 00:00:00+00:00,2314,318.0,24,4.0
2020-03-29 00:00:00+00:00,2608,294.0,27,3.0
2020-03-30 00:00:00+00:00,3026,418.0,32,5.0
2020-03-31 00:00:00+00:00,3526,500.0,35,3.0
2020-04-01 00:00:00+00:00,4778,1252.0,58,23.0
2020-04-02 00:00:00+00:00,5387,609.0,72,14.0
2020-04-03 00:00:00+00:00,6509,1122.0,72,0.0
2020-04-04 00:00:00+00:00,7562,1053.0,86,14.0
2020-04-05 00:00:00+00:00,8081,519.0,99,13.0
2020-04-06 00:00:00+00:00,8914,833.0,136,37.0
2020-04-07 00:00:00+00:00,10330,1416.0,150,14.0
2020-04-08 00:00:00+00:00,10874,544.0,178,28.0
2020-04-09 00:00:00+00:00,12214,1340.0,226,48.0
2020-04-10 00:00:00+00:00,13199,985.0,246,20.0
2020-04-11 00:00:00+00:00,13835,636.0,288,42.0
2020-04-12 00:00:00+00:00,14396,561.0,331,43.0
2020-04-13 00:00:00+00:00,14969,573.0,358,27.0
2020-04-14 00:00:00+00:00,15712,743.0,393,35.0
2020-04-15 00:00:00+00:00,17150,1438.0,405,12.0
2020-04-16 00:00:00+00:00,17903,753.0,448,43.0
2020-04-17 00:00:00+00:00,18664,761.0,486,38.0
2020-04-18 00:00:00+00:00,19305,641.0,521,35.0
2020-04-19 00:00:00+00:00,19694,389.0,559,38.0
2020-04-20 00:00:00+00:00,20241,547.0,592,33.0
2020-04-21 00:00:00+00:00,20769,528.0,645,53.0
2020-04-22 00:00:00+00:00,21313,544.0,681,36.0
2020-04-23 00:00:00+00:00,21829,516.0,721,40.0
2020-04-24 00:00:00+00:00,22219,390.0,780,59.0
2020-04-25 00:00:00+00:00,22588,369.0,825,45.0
2020-04-26 00:00:00+00:00,22830,242.0,881,56.0
2020-04-27 00:00:00+00:00,23267,437.0,939,58.0
2020-04-28 00:00:00+00:00,23634,367.0,1008,69.0
2020-04-29 00:00:00+00:00,24060,426.0,1079,71.0
2020-04-30 00:00:00+00:00,24349,289.0,1154,75.0
2020-05-01 00:00:00+00:00,24566,217.0,1223,69.0
2020-05-02 00:00:00+00:00,24763,197.0,1323,100.0
2020-05-03 00:00:00+00:00,24898,135.0,1391,68.0
2020-05-04 00:00:00+00:00,25204,306.0,1566,175.0
2020-05-05 00:00:00+00:00,25537,333.0,1693,127.0
2020-05-06 00:00:00+00:00,25812,275.0,1785,92.0
2020-05-07 00:00:00+00:00,25991,179.0,1889,104.0
2020-05-08 00:00:00+00:00,26233,242.0,1985,96.0
2020-05-09 00:00:00+00:00,26313,80.0,2101,116.0
2020-05-10 00:00:00+00:00,26383,70.0,2212,111.0
2020-05-11 00:00:00+00:00,26646,263.0,2294,82.0
2020-05-12 00:00:00+00:00,26994,348.0,2415,121.0
2020-05-13 00:00:00+00:00,27079,85.0,2551,136.0
2020-05-14 00:00:00+00:00,27430,351.0,2649,98.0
2020-05-15 00:00:00+00:00,27532,102.0,2753,104.0
2020-05-16 00:00:00+00:00,27630,98.0,2871,118.0
2020-05-17 00:00:00+00:00,28113,483.0,3025,154.0
2020-05-18 00:00:00+00:00,28242,129.0,3156,131.0
2020-05-19 00:00:00+00:00,28025,-217.0,3302,146.0
2020-05-20 00:00:00+00:00,28136,111.0,3434,132.0
2020-05-21 00:00:00+00:00,28218,82.0,3584,150.0
2020-05-22 00:00:00+00:00,28366,148.0,3726,142.0
2020-05-23 00:00:00+00:00,28452,86.0,3868,142.0
2020-05-24 00:00:00+00:00,28372,-80.0,4024,156.0
2020-05-25 00:00:00+00:00,28461,89.0,4172,148.0
2020-05-26 00:00:00+00:00,28598,137.0,4344,172.0
2020-05-27 00:00:00+00:00,28599,1.0,4534,190.0
2020-05-28 00:00:00+00:00,28666,67.0,4711,177.0
2020-05-29 00:00:00+00:00,28717,51.0,4980,269.0
2020-05-30 00:00:00+00:00,28774,57.0,5185,205.0
2020-05-31 00:00:00+00:00,28805,31.0,5408,223.0
2020-06-01 00:00:00+00:00,28837,32.0,5608,200.0
2020-06-02 00:00:00+00:00,28943,106.0,5829,221.0
2020-06-03 00:00:00+00:00,29024,81.0,6088,259.0
2020-06-04 00:00:00+00:00,29069,45.0,6363,275.0
2020-06-05 00:00:00+00:00,29114,45.0,6649,286.0
2020-06-06 00:00:00+00:00,29145,31.0,6946,297.0
2020-06-07 00:00:00+00:00,29158,13.0,7207,261.0
2020-06-08 00:00:00+00:00,29213,55.0,7473,266.0
2020-06-09 00:00:00+00:00,29301,88.0,7750,277.0
2020-06-10 00:00:00+00:00,29322,21.0,8102,352.0
2020-06-11 00:00:00+00:00,29349,27.0,8498,396.0
2020-06-12 00:00:00+00:00,29377,28.0,8884,386.0
2020-06-13 00:00:00+00:00,29401,24.0,9195,311.0
2020-06-14 00:00:00+00:00,29411,10.0,9520,325.0
2020-06-15 00:00:00+00:00,29439,28.0,9900,380.0
2020-06-16 00:00:00+00:00,29553,114.0,11903,2003.0
2020-06-17 00:00:00+00:00,29578,25.0,12237,334.0
2020-06-18 00:00:00+00:00,29606,28.0,12573,336.0
2020-06-19 00:00:00+00:00,29620,14.0,12948,375.0
2020-06-20 00:00:00+00:00,29638,18.0,13254,306.0
2020-06-21 00:00:00+00:00,29644,6.0,13699,445.0
2020-06-22 00:00:00+00:00,29668,24.0,14011,312.0
2020-06-23 00:00:00+00:00,29722,54.0,14476,465.0
2020-06-24 00:00:00+00:00,29735,13.0,14894,418.0
2020-06-25 00:00:00+00:00,29754,19.0,15301,407.0
2020-06-26 00:00:00+00:00,29780,26.0,15685,384.0
2020-06-27 00:00:00+00:00,29781,1.0,16095,410.0
2020-06-28 00:00:00+00:00,29781,0.0,16475,380.0
2020-06-29 00:00:00+00:00,29816,35.0,16893,418.0
2020-06-30 00:00:00+00:00,29846,30.0,17400,507.0
2020-07-01 00:00:00+00:00,29865,19.0,17834,434.0
2020-07-02 00:00:00+00:00,29878,13.0,18213,379.0
2020-07-03 00:00:00+00:00,29896,18.0,18655,442.0
2020-07-04 00:00:00+00:00,29896,0.0,19268,613.0
2020-07-05 00:00:00+00:00,29895,-1.0,19693,425.0
2020-07-06 00:00:00+00:00,29925,30.0,20159,466.0
2020-07-07 00:00:00+00:00,29936,11.0,20642,483.0
2020-07-08 00:00:00+00:00,29967,31.0,21129,487.0
2020-07-09 00:00:00+00:00,29983,16.0,21604,475.0
2020-07-10 00:00:00+00:00,30009,26.0,22123,519.0
2020-07-11 00:00:00+00:00,30012,3.0,22673,550.0
2020-07-12 00:00:00+00:00,30012,0.0,23174,501.0
2020-07-13 00:00:00+00:00,30035,23.0,23727,553.0
2020-07-14 00:00:00+00:00,30037,2.0,24309,582.0
2020-07-15 00:00:00+00:00,30125,88.0,24914,605.0
2020-07-16 00:00:00+00:00,30142,17.0,25602,688.0
2020-07-17 00:00:00+00:00,30155,13.0,26273,671.0
2020-07-18 00:00:00+00:00,30158,3.0,26816,543.0
2020-07-19 00:00:00+00:00,30158,0.0,27497,681.0
2020-07-20 00:00:00+00:00,30182,24.0,28082,585.0
2020-07-21 00:00:00+00:00,30169,-13.0,28732,650.0
2020-07-22 00:00:00+00:00,30175,6.0,29861,1129.0
2020-07-23 00:00:00+00:00,30186,11.0,30601,740.0
2020-07-24 00:00:00+00:00,30196,10.0,31358,757.0
2020-07-25 00:00:00+00:00,30196,0.0,32060,702.0
2020-07-26 00:00:00+00:00,30196,0.0,32771,711.0
2020-07-27 00:00:00+00:00,30214,18.0,33408,637.0
2020-07-28 00:00:00+00:00,30227,13.0,34193,785.0
2020-07-29 00:00:00+00:00,30241,14.0,34955,762.0
2020-07-30 00:00:00+00:00,30257,16.0,35718,763.0
2020-07-31 00:00:00+00:00,30268,11.0,36511,793.0
2020-08-01 00:00:00+00:00,30268,0.0,37364,853.0
2020-08-02 00:00:00+00:00,30268,0.0,38135,771.0
2020-08-03 00:00:00+00:00,30298,30.0,38938,803.0
2020-08-04 00:00:00+00:00,30300,2.0,39795,857.0
2020-08-05 00:00:00+00:00,30311,11.0,40699,904.0
2020-08-06 00:00:00+00:00,30315,4.0,41585,886.0
2020-08-07 00:00:00+00:00,30328,13.0,42518,933.0
2020-08-08 00:00:00+00:00,30329,1.0,43379,861.0
2020-08-09 00:00:00+00:00,30329,0.0,44386,1007.0
2020-08-10 00:00:00+00:00,30344,15.0,45257,871.0
2020-08-11 00:00:00+00:00,30358,14.0,46091,834.0
2020-08-12 00:00:00+00:00,30376,18.0,47033,942.0
2020-08-13 00:00:00+00:00,30393,17.0,48040,1007.0
2020-08-14 00:00:00+00:00,30412,19.0,49036,996.0
2020-08-15 00:00:00+00:00,30413,1.0,49980,944.0
2020-08-16 00:00:00+00:00,30414,1.0,50921,941.0
2020-08-17 00:00:00+00:00,30434,20.0,51797,876.0
2020-08-18 00:00:00+00:00,30456,22.0,52888,1091.0
2020-08-19 00:00:00+00:00,30474,18.0,53866,978.0
2020-08-20 00:00:00+00:00,30485,11.0,54849,983.0
2020-08-21 00:00:00+00:00,30509,24.0,55794,945.0
2020-08-22 00:00:00+00:00,30518,9.0,56706,912.0
2020-08-23 00:00:00+00:00,30518,0.0,57542,836.0
2020-08-24 00:00:00+00:00,30534,16.0,58390,848.0
2020-08-25 00:00:00+00:00,30553,19.0,59357,967.0
2020-08-26 00:00:00+00:00,30553,0.0,60472,1115.0
2020-08-27 00:00:00+00:00,30588,35.0,61529,1057.0
2020-08-28 00:00:00+00:00,30606,18.0,62550,1021.0
2020-08-29 00:00:00+00:00,30612,6.0,63498,948.0
2020-08-30 00:00:00+00:00,30615,3.0,64469,971.0
2020-08-31 00:00:00+00:00,30646,31.0,65288,819.0
2020-09-01 00:00:00+00:00,30673,27.0,66333,1045.0
2020-09-02 00:00:00+00:00,30700,27.0,67376,1043.0
2020-09-03 00:00:00+00:00,30717,17.0,68472,1096.0
2020-09-04 00:00:00+00:00,30696,-21.0,69561,1089.0
2020-09-05 00:00:00+00:00,30708,12.0,70626,1065.0
2020-09-06 00:00:00+00:00,30712,4.0,71642,1016.0
2020-09-07 00:00:00+00:00,30735,23.0,72775,1133.0
2020-09-08 00:00:00+00:00,30773,38.0,73890,1115.0
2020-09-09 00:00:00+00:00,30805,32.0,75062,1172.0
2020-09-10 00:00:00+00:00,30824,19.0,76271,1209.0
2020-09-11 00:00:00+00:00,30906,82.0,77472,1201.0
2020-09-12 00:00:00+00:00,30924,18.0,78586,1114.0
2020-09-13 00:00:00+00:00,30929,5.0,79722,1136.0
2020-09-14 00:00:00+00:00,30963,34.0,80776,1054.0
2020-09-15 00:00:00+00:00,31013,50.0,82066,1290.0
2020-09-16 00:00:00+00:00,31061,48.0,83198,1132.0
2020-09-17 00:00:00+00:00,31108,47.0,84372,1174.0
2020-09-18 00:00:00+00:00,31262,154.0,85619,1247.0
2020-09-19 00:00:00+00:00,31287,25.0,86752,1133.0
2020-09-20 00:00:00+00:00,31298,11.0,87882,1130.0
2020-09-21 00:00:00+00:00,31351,53.0,88935,1053.0
2020-09-22 00:00:00+00:00,31430,79.0,90020,1085.0
2020-09-23 00:00:00+00:00,31478,48.0,91149,1129.0
2020-09-24 00:00:00+00:00,31524,46.0,92290,1141.0
2020-09-25 00:00:00+00:00,31675,151.0,93379,1089.0
2020-09-26 00:00:00+00:00,31714,39.0,94503,1124.0
2020-09-27 00:00:00+00:00,31741,27.0,95542,1039.0
2020-09-28 00:00:00+00:00,31825,84.0,96318,776.0
2020-09-29 00:00:00+00:00,31898,73.0,97497,1179.0
2020-09-30 00:00:00+00:00,31978,80.0,98678,1181.0
2020-10-01 00:00:00+00:00,32035,57.0,99773,1095.0
2020-10-02 00:00:00+00:00,32171,136.0,100842,1069.0
2020-10-03 00:00:00+00:00,32196,25.0,101782,940.0
2020-10-04 00:00:00+00:00,32228,32.0,102685,903.0
2020-10-05 00:00:00+00:00,32299,71.0,103569,884.0
2020-10-06 00:00:00+00:00,32386,87.0,104555,986.0
2020-10-07 00:00:00+00:00,32466,80.0,105526,971.0
2020-10-08 00:00:00+00:00,32539,73.0,106490,964.0
2020-10-09 00:00:00+00:00,32649,110.0,107416,926.0
2020-10-10 00:00:00+00:00,32684,35.0,108334,918.0
2020-10-11 00:00:00+00:00,32730,46.0,109150,816.0
2020-10-12 00:00:00+00:00,32827,97.0,109856,706.0
2020-10-13 00:00:00+00:00,32955,128.0,110586,730.0
2020-10-14 00:00:00+00:00,33061,106.0,111266,680.0
2020-10-15 00:00:00+00:00,33146,85.0,112161,895.0
2020-10-16 00:00:00+00:00,33325,179.0,112998,837.0
2020-10-17 00:00:00+00:00,33398,73.0,114031,1033.0
2020-10-18 00:00:00+00:00,33483,85.0,114610,579.0
2020-10-19 00:00:00+00:00,33631,148.0,115197,587.0
2020-10-20 00:00:00+00:00,33912,281.0,115914,717.0
2020-10-21 00:00:00+00:00,34080,168.0,116616,702.0
2020-10-22 00:00:00+00:00,34234,154.0,117306,690.0
2020-10-23 00:00:00+00:00,34534,300.0,117956,650.0
2020-10-24 00:00:00+00:00,34670,136.0,118534,578.0
2020-10-25 00:00:00+00:00,34649,-21.0,119014,480.0
2020-10-26 00:00:00+00:00,35038,389.0,119502,488.0
2020-10-27 00:00:00+00:00,35567,529.0,120010,508.0
2020-10-28 00:00:00+00:00,35826,259.0,120527,517.0
2020-10-29 00:00:00+00:00,36058,232.0,121090,563.0
2020-10-30 00:00:00+00:00,36605,547.0,121641,551.0
2020-10-31 00:00:00+00:00,36827,222.0,122111,470.0
2020-11-01 00:00:00+00:00,37058,231.0,122607,496.0
2020-11-02 00:00:00+00:00,37486,428.0,123097,490.0
2020-11-03 00:00:00+00:00,38765,1279.0,123611,514.0
2020-11-04 00:00:00+00:00,38734,-31.0,124315,704.0
2020-11-05 00:00:00+00:00,39088,354.0,124985,670.0
2020-11-06 00:00:00+00:00,39917,829.0,125562,577.0
2020-11-07 00:00:00+00:00,40220,303.0,126121,559.0
2020-11-08 00:00:00+00:00,40490,270.0,126611,490.0
2020-11-09 00:00:00+00:00,41050,560.0,127059,448.0
2020-11-10 00:00:00+00:00,42281,1231.0,127571,512.0
2020-11-11 00:00:00+00:00,42609,328.0,128121,550.0
2020-11-12 00:00:00+00:00,43024,415.0,128668,547.0
2020-11-13 00:00:00+00:00,43957,933.0,129188,520.0
2020-11-14 00:00:00+00:00,44310,353.0,129635,447.0
2020-11-15 00:00:00+00:00,44613,303.0,130070,435.0
2020-11-16 00:00:00+00:00,45124,511.0,130519,449.0
2020-11-17 00:00:00+00:00,46350,1226.0,130993,474.0
2020-11-18 00:00:00+00:00,46781,431.0,131578,585.0
2020-11-19 00:00:00+00:00,47198,417.0,132162,584.0
2020-11-20 00:00:00+00:00,48339,1141.0,132726,564.0
2020-11-21 00:00:00+00:00,48591,252.0,133227,501.0
2020-11-22 00:00:00+00:00,48805,214.0,133738,511.0
2020-11-23 00:00:00+00:00,49311,506.0,134218,480.0
2020-11-24 00:00:00+00:00,50322,1011.0,134699,481.0
2020-11-25 00:00:00+00:00,50710,388.0,135223,524.0
2020-11-26 00:00:00+00:00,51041,331.0,135715,492.0
2020-11-27 00:00:00+00:00,52000,959.0,136200,485.0
2020-11-28 00:00:00+00:00,52212,212.0,136696,496.0
2020-11-29 00:00:00+00:00,52410,198.0,137139,443.0
2020-11-30 00:00:00+00:00,52819,409.0,137621,482.0
2020-12-01 00:00:00+00:00,53596,777.0,138122,501.0
2020-12-02 00:00:00+00:00,53907,311.0,138648,526.0
2020-12-03 00:00:00+00:00,54231,324.0,139188,540.0
2020-12-04 00:00:00+00:00,54861,630.0,139700,512.0
2020-12-05 00:00:00+00:00,55073,212.0,140182,482.0
2020-12-06 00:00:00+00:00,55247,174.0,140573,391.0
2020-12-07 00:00:00+00:00,55613,366.0,140958,385.0
2020-12-08 00:00:00+00:00,56451,838.0,141360,402.0
2020-12-09 00:00:00+00:00,56748,297.0,141772,412.0
2020-12-10 00:00:00+00:00,57044,296.0,142185,413.0
2020-12-11 00:00:00+00:00,57672,628.0,142628,443.0
2020-12-12 00:00:00+00:00,57865,193.0,143019,391.0
2020-12-13 00:00:00+00:00,58015,150.0,143355,336.0
2020-12-14 00:00:00+00:00,58391,376.0,143709,354.0
2020-12-15 00:00:00+00:00,59182,791.0,144096,387.0
2020-12-16 00:00:00+00:00,59472,290.0,144451,355.0
2020-12-17 00:00:00+00:00,59733,261.0,144789,338.0
2020-12-18 00:00:00+00:00,60345,612.0,145136,347.0
2020-12-19 00:00:00+00:00,60534,189.0,145477,341.0
2020-12-20 00:00:00+00:00,60665,131.0,145810,333.0
2020-12-21 00:00:00+00:00,61019,354.0,146111,301.0
2020-12-22 00:00:00+00:00,61821,802.0,146444,333.0
2020-12-23 00:00:00+00:00,62098,277.0,146756,312.0
2020-12-24 00:00:00+00:00,62389,291.0,147092,336.0
2020-12-25 00:00:00+00:00,62548,159.0,147343,251.0
2020-12-26 00:00:00+00:00,62694,146.0,147622,279.0
2020-12-27 00:00:00+00:00,62867,173.0,147901,279.0
2020-12-28 00:00:00+00:00,63235,368.0,148153,252.0
2020-12-29 00:00:00+00:00,64204,969.0,148439,286.0
2020-12-30 00:00:00+00:00,64508,304.0,148738,299.0
2020-12-31 00:00:00+00:00,64759,251.0,148738,0.0
2021-01-01 00:00:00+00:00,64892,133.0,148994,256.0
2021-01-02 00:00:00+00:00,65048,156.0,149435,441.0
2021-01-03 00:00:00+00:00,65164,116.0,149649,214.0
2021-01-04 00:00:00+00:00,65549,385.0,149850,201.0
2021-01-05 00:00:00+00:00,66417,868.0,150114,264.0
2021-01-06 00:00:00+00:00,66699,282.0,150336,222.0
2021-01-07 00:00:00+00:00,66975,276.0,150570,234.0
2021-01-08 00:00:00+00:00,67566,591.0,150570,0.0
2021-01-09 00:00:00+00:00,67734,168.0,150999,429.0
2021-01-10 00:00:00+00:00,67885,151.0,151160,161.0
2021-01-11 00:00:00+00:00,68197,312.0,151327,167.0
2021-01-12 00:00:00+00:00,68939,742.0,151529,202.0
2021-01-13 00:00:00+00:00,69168,229.0,151727,198.0
2021-01-14 00:00:00+00:00,69452,284.0,151918,191.0
2021-01-15 00:00:00+00:00,70088,636.0,152093,175.0
2021-01-16 00:00:00+00:00,70281,193.0,152274,181.0
2021-01-17 00:00:00+00:00,70422,141.0,152419,145.0
2021-01-18 00:00:00+00:00,70826,404.0,152556,137.0
2021-01-19 00:00:00+00:00,71482,656.0,152718,162.0
2021-01-20 00:00:00+00:00,71792,310.0,152869,151.0
2021-01-21 00:00:00+00:00,72139,347.0,153032,163.0
2021-01-22 00:00:00+00:00,72788,649.0,153184,152.0
2021-01-23 00:00:00+00:00,73018,230.0,153339,155.0
2021-01-24 00:00:00+00:00,73190,172.0,153470,131.0
2021-01-25 00:00:00+00:00,73636,446.0,153587,117.0
2021-01-26 00:00:00+00:00,74250,614.0,153724,137.0
2021-01-27 00:00:00+00:00,74600,350.0,153847,123.0
2021-01-28 00:00:00+00:00,74944,344.0,154010,163.0
2021-01-29 00:00:00+00:00,75765,821.0,154147,137.0
2021-01-30 00:00:00+00:00,76006,241.0,154274,127.0
2021-01-31 00:00:00+00:00,76201,195.0,154392,118.0
2021-02-01 00:00:00+00:00,76657,456.0,154486,94.0
2021-02-02 00:00:00+00:00,77383,726.0,154596,110.0
2021-02-03 00:00:00+00:00,77741,358.0,154703,107.0
2021-02-04 00:00:00+00:00,77741,0.0,154823,120.0
2021-02-05 00:00:00+00:00,78749,1008.0,154918,95.0
2021-02-06 00:00:00+00:00,78940,191.0,154996,78.0
2021-02-07 00:00:00+00:00,79111,171.0,155080,84.0
2021-02-08 00:00:00+00:00,79571,460.0,155158,78.0
2021-02-09 00:00:00+00:00,80295,724.0,155252,94.0
2021-02-10 00:00:00+00:00,80591,296.0,155360,108.0
2021-02-11 00:00:00+00:00,80951,360.0,155447,87.0
2021-02-12 00:00:00+00:00,81596,645.0,155550,103.0
2021-02-13 00:00:00+00:00,81795,199.0,155642,92.0
2021-02-14 00:00:00+00:00,81962,167.0,155732,90.0
2021-02-15 00:00:00+00:00,82374,412.0,155813,81.0
2021-02-16 00:00:00+00:00,82961,587.0,155913,100.0
2021-02-17 00:00:00+00:00,83271,310.0,156014,101.0
2021-02-18 00:00:00+00:00,83542,271.0,156111,97.0
2021-02-19 00:00:00+00:00,84114,572.0,156212,101.0
2021-02-20 00:00:00+00:00,84271,157.0,156302,90.0
2021-02-21 00:00:00+00:00,84430,159.0,156385,83.0
2021-02-22 00:00:00+00:00,84764,334.0,156463,78.0
2021-02-23 00:00:00+00:00,85195,431.0,156567,104.0
2021-02-24 00:00:00+00:00,85473,278.0,156705,138.0
2021-02-25 00:00:00+00:00,85734,261.0,156825,120.0
2021-02-26 00:00:00+00:00,86273,539.0,156938,113.0
2021-02-27 00:00:00+00:00,86458,185.0,157051,113.0
2021-02-28 00:00:00+00:00,86580,122.0,157157,106.0
2021-03-01 00:00:00+00:00,86955,375.0,157248,91.0
2021-03-02 00:00:00+00:00,87373,418.0,157346,98.0
2021-03-03 00:00:00+00:00,87695,322.0,157435,89.0
2021-03-04 00:00:00+00:00,87988,293.0,157548,113.0
2021-03-05 00:00:00+00:00,88427,439.0,157656,108.0
2021-03-06 00:00:00+00:00,88597,170.0,157756,100.0
2021-03-07 00:00:00+00:00,88727,130.0,157853,97.0
2021-03-08 00:00:00+00:00,89090,363.0,157930,77.0
2021-03-09 00:00:00+00:00,89455,365.0,158063,133.0
2021-03-10 00:00:00+00:00,89707,252.0,158189,126.0
2021-03-11 00:00:00+00:00,89984,277.0,158306,117.0
2021-03-12 00:00:00+00:00,90207,223.0,158446,140.0
2021-03-13 00:00:00+00:00,90376,169.0,158607,161.0
2021-03-14 00:00:00+00:00,90583,207.0,158725,118.0
2021-03-15 00:00:00+00:00,90924,341.0,158856,131.0
2021-03-16 00:00:00+00:00,91324,400.0,159044,188.0
2021-03-17 00:00:00+00:00,91411,87.0,159216,172.0
2021-03-18 00:00:00+00:00,91833,422.0,159370,154.0
2021-03-19 00:00:00+00:00,92118,285.0,159558,188.0
2021-03-20 00:00:00+00:00,92295,177.0,159755,197.0
2021-03-21 00:00:00+00:00,92433,138.0,159967,212.0
2021-03-22 00:00:00+00:00,92776,343.0,160166,199.0
2021-03-23 00:00:00+00:00,93064,288.0,160441,275.0
2021-03-24 00:00:00+00:00,93310,246.0,160692,251.0
2021-03-25 00:00:00+00:00,93535,225.0,160949,257.0
2021-03-26 00:00:00+00:00,94432,897.0,161240,291.0
2021-03-27 00:00:00+00:00,94623,191.0,161552,312.0
2021-03-28 00:00:00+00:00,94754,131.0,161843,291.0
2021-03-29 00:00:00+00:00,95114,360.0,162114,271.0
2021-03-30 00:00:00+00:00,95495,381.0,162468,354.0
2021-03-31 00:00:00+00:00,95798,303.0,162927,459.0
2021-04-01 00:00:00+00:00,96106,308.0,163396,469.0
2021-04-02 00:00:00+00:00,96438,332.0,164110,714.0
2021-04-03 00:00:00+00:00,96439,1.0,164623,513.0
2021-04-04 00:00:00+00:00,96808,369.0,165101,478.0
2021-04-05 00:00:00+00:00,97005,197.0,165547,446.0
2021-04-06 00:00:00+00:00,97431,426.0,166177,630.0
2021-04-07 00:00:00+00:00,97444,13.0,166862,685.0
2021-04-08 00:00:00+00:00,98196,752.0,167642,780.0
2021-04-09 00:00:00+00:00,98202,6.0,168436,794.0
2021-04-10 00:00:00+00:00,98213,11.0,169275,839.0
2021-04-11 00:00:00+00:00,98909,696.0,170179,904.0
2021-04-12 00:00:00+00:00,99294,385.0,171058,879.0
2021-04-13 00:00:00+00:00,99639,345.0,172085,1027.0
2021-04-14 00:00:00+00:00,99936,297.0,173123,1038.0
2021-04-15 00:00:00+00:00,100232,296.0,174308,1185.0
2021-04-16 00:00:00+00:00,100563,331.0,175649,1341.0
2021-04-17 00:00:00+00:00,100752,189.0,177150,1501.0
2021-04-18 00:00:00+00:00,100892,140.0,178769,1619.0
2021-04-19 00:00:00+00:00,101339,447.0,180530,1761.0
2021-04-20 00:00:00+00:00,101713,374.0,182553,2023.0
2021-04-21 00:00:00+00:00,102046,333.0,184657,2104.0
2021-04-22 00:00:00+00:00,102323,277.0,186920,2263.0
2021-04-23 00:00:00+00:00,102655,332.0,189544,2624.0
2021-04-24 00:00:00+00:00,102872,217.0,192311,2767.0
2021-04-25 00:00:00+00:00,103017,145.0,195123,2812.0
2021-04-26 00:00:00+00:00,103415,398.0,197894,2771.0
2021-04-27 00:00:00+00:00,103762,347.0,201187,3293.0
2021-04-28 00:00:00+00:00,104077,315.0,204832,3645.0
2021-04-29 00:00:00+00:00,104385,308.0,208330,3498.0
2021-04-30 00:00:00+00:00,104675,290.0,211853,3523.0
2021-05-01 00:00:00+00:00,104867,192.0,215542,3689.0
2021-05-02 00:00:00+00:00,104980,113.0,218959,3417.0
2021-05-03 00:00:00+00:00,105291,311.0,222408,3449.0
2021-05-04 00:00:00+00:00,105548,257.0,226188,3780.0
2021-05-05 00:00:00+00:00,105792,244.0,230168,3980.0
2021-05-06 00:00:00+00:00,106011,219.0,234083,3915.0
2021-05-07 00:00:00+00:00,106262,251.0,238270,4187.0
2021-05-08 00:00:00+00:00,106438,176.0,242347,4077.0
