Date,Total_Confirmed_France,Daily_Confirmed_France,Total_Confirmed_India,Daily_Confirmed_India,Total_Death_France,Daily_Death_France,Total_Death_India,Daily_Death_India,Total_Recovered_France,Daily_Recovered_France,Total_Recovered_India,Daily_Recovered_India
2020-01-22 00:00:00+00:00,0,0.0,0,0.0,0,0.0,0,0.0,0,0.0,0,0.0
2020-01-23 00:00:00+00:00,0,0.0,0,0.0,0,0.0,0,0.0,0,0.0,0,0.0
2020-01-24 00:00:00+00:00,2,2.0,0,0.0,0,0.0,0,0.0,0,0.0,0,0.0
2020-01-25 00:00:00+00:00,3,1.0,0,0.0,0,0.0,0,0.0,0,0.0,0,0.0
2020-01-26 00:00:00+00:00,3,0.0,0,0.0,0,0.0,0,0.0,0,0.0,0,0.0
2020-01-27 00:00:00+00:00,3,0.0,0,0.0,0,0.0,0,0.0,0,0.0,0,0.0
2020-01-28 00:00:00+00:00,4,1.0,0,0.0,0,0.0,0,0.0,0,0.0,0,0.0
2020-01-29 00:00:00+00:00,5,1.0,0,0.0,0,0.0,0,0.0,0,0.0,0,0.0
2020-01-30 00:00:00+00:00,5,0.0,1,1.0,0,0.0,0,0.0,0,0.0,0,0.0
2020-01-31 00:00:00+00:00,5,0.0,1,0.0,0,0.0,0,0.0,0,0.0,0,0.0
2020-02-01 00:00:00+00:00,6,1.0,1,0.0,0,0.0,0,0.0,0,0.0,0,0.0
2020-02-02 00:00:00+00:00,6,0.0,2,1.0,0,0.0,0,0.0,0,0.0,0,0.0
2020-02-03 00:00:00+00:00,6,0.0,3,1.0,0,0.0,0,0.0,0,0.0,0,0.0
2020-02-04 00:00:00+00:00,6,0.0,3,0.0,0,0.0,0,0.0,0,0.0,0,0.0
2020-02-05 00:00:00+00:00,6,0.0,3,0.0,0,0.0,0,0.0,0,0.0,0,0.0
2020-02-06 00:00:00+00:00,6,0.0,3,0.0,0,0.0,0,0.0,0,0.0,0,0.0
2020-02-07 00:00:00+00:00,6,0.0,3,0.0,0,0.0,0,0.0,0,0.0,0,0.0
2020-02-08 00:00:00+00:00,11,5.0,3,0.0,0,0.0,0,0.0,0,0.0,0,0.0
2020-02-09 00:00:00+00:00,11,0.0,3,0.0,0,0.0,0,0.0,0,0.0,0,0.0
2020-02-10 00:00:00+00:00,11,0.0,3,0.0,0,0.0,0,0.0,0,0.0,0,0.0
2020-02-11 00:00:00+00:00,11,0.0,3,0.0,0,0.0,0,0.0,0,0.0,0,0.0
2020-02-12 00:00:00+00:00,11,0.0,3,0.0,0,0.0,0,0.0,2,2.0,0,0.0
2020-02-13 00:00:00+00:00,11,0.0,3,0.0,0,0.0,0,0.0,2,0.0,0,0.0
2020-02-14 00:00:00+00:00,11,0.0,3,0.0,0,0.0,0,0.0,2,0.0,0,0.0
2020-02-15 00:00:00+00:00,12,1.0,3,0.0,1,1.0,0,0.0,4,2.0,0,0.0
2020-02-16 00:00:00+00:00,12,0.0,3,0.0,1,0.0,0,0.0,4,0.0,3,3.0
2020-02-17 00:00:00+00:00,12,0.0,3,0.0,1,0.0,0,0.0,4,0.0,3,0.0
2020-02-18 00:00:00+00:00,12,0.0,3,0.0,1,0.0,0,0.0,4,0.0,3,0.0
2020-02-19 00:00:00+00:00,12,0.0,3,0.0,1,0.0,0,0.0,4,0.0,3,0.0
2020-02-20 00:00:00+00:00,12,0.0,3,0.0,1,0.0,0,0.0,4,0.0,3,0.0
2020-02-21 00:00:00+00:00,12,0.0,3,0.0,1,0.0,0,0.0,4,0.0,3,0.0
2020-02-22 00:00:00+00:00,12,0.0,3,0.0,1,0.0,0,0.0,4,0.0,3,0.0
2020-02-23 00:00:00+00:00,12,0.0,3,0.0,1,0.0,0,0.0,4,0.0,3,0.0
2020-02-24 00:00:00+00:00,12,0.0,3,0.0,1,0.0,0,0.0,4,0.0,3,0.0
2020-02-25 00:00:00+00:00,14,2.0,3,0.0,1,0.0,0,0.0,11,7.0,3,0.0
2020-02-26 00:00:00+00:00,18,4.0,3,0.0,2,1.0,0,0.0,11,0.0,3,0.0
2020-02-27 00:00:00+00:00,38,20.0,3,0.0,2,0.0,0,0.0,11,0.0,3,0.0
2020-02-28 00:00:00+00:00,57,19.0,3,0.0,2,0.0,0,0.0,11,0.0,3,0.0
2020-02-29 00:00:00+00:00,100,43.0,3,0.0,2,0.0,0,0.0,12,1.0,3,0.0
2020-03-01 00:00:00+00:00,130,30.0,3,0.0,2,0.0,0,0.0,12,0.0,3,0.0
2020-03-02 00:00:00+00:00,191,61.0,5,2.0,3,1.0,0,0.0,12,0.0,3,0.0
2020-03-03 00:00:00+00:00,212,21.0,5,0.0,4,1.0,0,0.0,12,0.0,3,0.0
2020-03-04 00:00:00+00:00,288,76.0,28,23.0,4,0.0,0,0.0,12,0.0,3,0.0
2020-03-05 00:00:00+00:00,426,138.0,30,2.0,7,3.0,0,0.0,12,0.0,3,0.0
2020-03-06 00:00:00+00:00,616,190.0,31,1.0,9,2.0,0,0.0,12,0.0,3,0.0
2020-03-07 00:00:00+00:00,948,332.0,34,3.0,16,7.0,0,0.0,12,0.0,3,0.0
2020-03-08 00:00:00+00:00,1125,177.0,39,5.0,19,3.0,0,0.0,12,0.0,3,0.0
2020-03-09 00:00:00+00:00,1411,286.0,43,4.0,25,6.0,0,0.0,12,0.0,3,0.0
2020-03-10 00:00:00+00:00,1783,372.0,56,13.0,33,8.0,0,0.0,12,0.0,4,1.0
2020-03-11 00:00:00+00:00,2293,510.0,62,6.0,48,15.0,1,1.0,12,0.0,4,0.0
2020-03-12 00:00:00+00:00,2293,0.0,73,11.0,48,0.0,1,0.0,12,0.0,4,0.0
2020-03-13 00:00:00+00:00,3681,1388.0,82,9.0,79,31.0,2,1.0,12,0.0,4,0.0
2020-03-14 00:00:00+00:00,4496,815.0,102,20.0,91,12.0,2,0.0,12,0.0,4,0.0
2020-03-15 00:00:00+00:00,4532,36.0,113,11.0,91,0.0,2,0.0,12,0.0,13,9.0
2020-03-16 00:00:00+00:00,6683,2151.0,119,6.0,149,58.0,2,0.0,12,0.0,13,0.0
2020-03-17 00:00:00+00:00,7715,1032.0,142,23.0,149,0.0,3,1.0,12,0.0,14,1.0
2020-03-18 00:00:00+00:00,9124,1409.0,156,14.0,149,0.0,3,0.0,12,0.0,14,0.0
2020-03-19 00:00:00+00:00,10970,1846.0,194,38.0,244,95.0,4,1.0,12,0.0,15,1.0
2020-03-20 00:00:00+00:00,12758,1788.0,244,50.0,451,207.0,5,1.0,12,0.0,20,5.0
2020-03-21 00:00:00+00:00,14463,1705.0,330,86.0,563,112.0,4,-1.0,12,0.0,23,3.0
2020-03-22 00:00:00+00:00,16758,2295.0,396,66.0,676,113.0,7,3.0,2206,2194.0,27,4.0
2020-03-23 00:00:00+00:00,20123,3365.0,499,103.0,862,186.0,10,3.0,2206,0.0,27,0.0
2020-03-24 00:00:00+00:00,22372,2249.0,536,37.0,1102,240.0,10,0.0,3250,1044.0,40,13.0
2020-03-25 00:00:00+00:00,25334,2962.0,657,121.0,1333,231.0,12,2.0,3907,657.0,43,3.0
2020-03-26 00:00:00+00:00,29252,3918.0,727,70.0,1697,364.0,20,8.0,4955,1048.0,45,2.0
2020-03-27 00:00:00+00:00,33047,3795.0,887,160.0,1996,299.0,20,0.0,5707,752.0,73,28.0
2020-03-28 00:00:00+00:00,37692,4645.0,987,100.0,2314,318.0,24,4.0,5724,17.0,84,11.0
2020-03-29 00:00:00+00:00,40295,2603.0,1024,37.0,2608,294.0,27,3.0,7226,1502.0,95,11.0
2020-03-30 00:00:00+00:00,44649,4354.0,1251,227.0,3026,418.0,32,5.0,7964,738.0,102,7.0
2020-03-31 00:00:00+00:00,52278,7629.0,1397,146.0,3526,500.0,35,3.0,9513,1549.0,123,21.0
2020-04-01 00:00:00+00:00,57122,4844.0,1998,601.0,4778,1252.0,58,23.0,11053,1540.0,148,25.0
2020-04-02 00:00:00+00:00,59228,2106.0,2543,545.0,5387,609.0,72,14.0,12548,1495.0,191,43.0
2020-04-03 00:00:00+00:00,64452,5224.0,2567,24.0,6509,1122.0,72,0.0,14135,1587.0,192,1.0
2020-04-04 00:00:00+00:00,47378,-17074.0,3082,515.0,7562,1053.0,86,14.0,15572,1437.0,229,37.0
2020-04-05 00:00:00+00:00,48233,855.0,3588,506.0,8081,519.0,99,13.0,16349,777.0,229,0.0
2020-04-06 00:00:00+00:00,50887,2654.0,4778,1190.0,8914,833.0,136,37.0,17428,1079.0,375,146.0
2020-04-07 00:00:00+00:00,47396,-3491.0,5311,533.0,10330,1416.0,150,14.0,19523,2095.0,421,46.0
2020-04-08 00:00:00+00:00,51251,3855.0,5916,605.0,10874,544.0,178,28.0,21452,1929.0,506,85.0
2020-04-09 00:00:00+00:00,55035,3784.0,6725,809.0,12214,1340.0,226,48.0,23413,1961.0,620,114.0
2020-04-10 00:00:00+00:00,56600,1565.0,7598,873.0,13199,985.0,246,20.0,25195,1782.0,774,154.0
2020-04-11 00:00:00+00:00,58045,1445.0,8446,848.0,13835,636.0,288,42.0,26663,1468.0,969,195.0
2020-04-12 00:00:00+00:00,108791,50746.0,9205,759.0,14396,561.0,331,43.0,27469,806.0,1080,111.0
2020-04-13 00:00:00+00:00,111932,3141.0,10453,1248.0,14969,573.0,358,27.0,28001,532.0,1181,101.0
2020-04-14 00:00:00+00:00,129380,17448.0,11487,1034.0,15712,743.0,393,35.0,28805,804.0,1359,178.0
2020-04-15 00:00:00+00:00,132588,3208.0,12322,835.0,17150,1438.0,405,12.0,30955,2150.0,1432,73.0
2020-04-16 00:00:00+00:00,145166,12578.0,13430,1108.0,17903,753.0,448,43.0,32812,1857.0,1768,336.0
2020-04-17 00:00:00+00:00,147057,1891.0,14352,922.0,18664,761.0,486,38.0,34420,1608.0,2041,273.0
2020-04-18 00:00:00+00:00,150863,3806.0,15722,1370.0,19305,641.0,521,35.0,35983,1563.0,2463,422.0
2020-04-19 00:00:00+00:00,151955,1092.0,17615,1893.0,19694,389.0,559,38.0,36578,595.0,2854,391.0
2020-04-20 00:00:00+00:00,154402,2447.0,18539,924.0,20241,547.0,592,33.0,37409,831.0,3273,419.0
2020-04-21 00:00:00+00:00,157068,2666.0,20080,1541.0,20769,528.0,645,53.0,39181,1772.0,3975,702.0
2020-04-22 00:00:00+00:00,158868,1800.0,21370,1290.0,21313,544.0,681,36.0,40657,1476.0,4370,395.0
2020-04-23 00:00:00+00:00,157158,-1710.0,23077,1707.0,21829,516.0,721,40.0,42088,1431.0,5012,642.0
2020-04-24 00:00:00+00:00,159969,2811.0,24530,1453.0,22219,390.0,780,59.0,43493,1405.0,5498,486.0
2020-04-25 00:00:00+00:00,161647,1678.0,26283,1753.0,22588,369.0,825,45.0,44594,1101.0,5939,441.0
2020-04-26 00:00:00+00:00,162280,633.0,27890,1607.0,22830,242.0,881,56.0,44903,309.0,6523,584.0
2020-04-27 00:00:00+00:00,165966,3686.0,29451,1561.0,23267,437.0,939,58.0,45513,610.0,7137,614.0
2020-04-28 00:00:00+00:00,169098,3132.0,31324,1873.0,23634,367.0,1008,69.0,46886,1373.0,7747,610.0
2020-04-29 00:00:00+00:00,167643,-1455.0,33062,1738.0,24060,426.0,1079,71.0,48228,1342.0,8437,690.0
2020-04-30 00:00:00+00:00,168861,1218.0,34863,1801.0,24349,289.0,1154,75.0,49476,1248.0,9068,631.0
2020-05-01 00:00:00+00:00,169387,526.0,37257,2394.0,24566,217.0,1223,69.0,50212,736.0,10007,939.0
2020-05-02 00:00:00+00:00,170179,792.0,39699,2442.0,24763,197.0,1323,100.0,50663,451.0,10819,812.0
2020-05-03 00:00:00+00:00,170540,361.0,42505,2806.0,24898,135.0,1391,68.0,50885,222.0,11775,956.0
2020-05-04 00:00:00+00:00,171102,562.0,46437,3932.0,25204,306.0,1566,175.0,51476,591.0,12847,1072.0
2020-05-05 00:00:00+00:00,172219,1117.0,49400,2963.0,25537,333.0,1693,127.0,52842,1366.0,14142,1295.0
2020-05-06 00:00:00+00:00,176355,4136.0,52987,3587.0,25812,275.0,1785,92.0,54079,1237.0,15331,1189.0
2020-05-07 00:00:00+00:00,177096,741.0,56351,3364.0,25991,179.0,1889,104.0,55191,1112.0,16776,1445.0
2020-05-08 00:00:00+00:00,177627,531.0,59695,3344.0,26233,242.0,1985,96.0,55892,701.0,17887,1111.0
2020-05-09 00:00:00+00:00,178156,529.0,62808,3113.0,26313,80.0,2101,116.0,56148,256.0,19301,1414.0
2020-05-10 00:00:00+00:00,178405,249.0,67161,4353.0,26383,70.0,2212,111.0,56327,179.0,20969,1668.0
2020-05-11 00:00:00+00:00,178719,314.0,70768,3607.0,26646,263.0,2294,82.0,56835,508.0,22549,1580.0
2020-05-12 00:00:00+00:00,179472,753.0,74292,3524.0,26994,348.0,2415,121.0,57898,1063.0,24420,1871.0
2020-05-13 00:00:00+00:00,179993,521.0,78055,3763.0,27079,85.0,2551,136.0,58786,888.0,26400,1980.0
2020-05-14 00:00:00+00:00,180635,642.0,81997,3942.0,27430,351.0,2649,98.0,59719,933.0,27969,1569.0
2020-05-15 00:00:00+00:00,181148,513.0,85784,3787.0,27532,102.0,2753,104.0,60562,843.0,30258,2289.0
2020-05-16 00:00:00+00:00,181563,415.0,90648,4864.0,27630,98.0,2871,118.0,60562,0.0,34224,3966.0
2020-05-17 00:00:00+00:00,181703,140.0,95698,5050.0,28113,483.0,3025,154.0,61327,765.0,36795,2571.0
2020-05-18 00:00:00+00:00,182147,444.0,100328,4630.0,28242,129.0,3156,131.0,61843,516.0,39233,2438.0
2020-05-19 00:00:00+00:00,182648,501.0,106475,6147.0,28025,-217.0,3302,146.0,62678,835.0,42309,3076.0
2020-05-20 00:00:00+00:00,183130,482.0,112028,5553.0,28136,111.0,3434,132.0,63472,794.0,45422,3113.0
2020-05-21 00:00:00+00:00,183397,267.0,118226,6198.0,28218,82.0,3584,150.0,63976,504.0,48553,3131.0
2020-05-22 00:00:00+00:00,184153,756.0,124794,6568.0,28366,148.0,3726,142.0,64327,351.0,51824,3271.0
2020-05-23 00:00:00+00:00,184699,546.0,131423,6629.0,28452,86.0,3868,142.0,64665,338.0,54385,2561.0
2020-05-24 00:00:00+00:00,184260,-439.0,138536,7113.0,28372,-80.0,4024,156.0,64735,70.0,57692,3307.0
2020-05-25 00:00:00+00:00,184585,325.0,144950,6414.0,28461,89.0,4172,148.0,65317,582.0,60706,3014.0
2020-05-26 00:00:00+00:00,184840,255.0,150793,5843.0,28598,137.0,4344,172.0,65997,680.0,64277,3571.0
2020-05-27 00:00:00+00:00,185012,172.0,158086,7293.0,28599,1.0,4534,190.0,66702,705.0,67749,3472.0
2020-05-28 00:00:00+00:00,188355,3343.0,165386,7300.0,28666,67.0,4711,177.0,67309,607.0,70920,3171.0
2020-05-29 00:00:00+00:00,188949,594.0,173491,8105.0,28717,51.0,4980,269.0,67921,612.0,82627,11707.0
2020-05-30 00:00:00+00:00,190744,1795.0,181827,8336.0,28774,57.0,5185,205.0,68386,465.0,86936,4309.0
2020-05-31 00:00:00+00:00,190975,231.0,190609,8782.0,28805,31.0,5408,223.0,68473,87.0,91852,4916.0
2020-06-01 00:00:00+00:00,191382,407.0,198370,7761.0,28837,32.0,5608,200.0,68558,85.0,95754,3902.0
2020-06-02 00:00:00+00:00,190735,-647.0,207191,8821.0,28943,106.0,5829,221.0,68930,372.0,100285,4531.0
2020-06-03 00:00:00+00:00,187509,-3226.0,216824,9633.0,29024,81.0,6088,259.0,69573,643.0,104071,3786.0
2020-06-04 00:00:00+00:00,191869,4360.0,226713,9889.0,29069,45.0,6363,275.0,70094,521.0,108450,4379.0
2020-06-05 00:00:00+00:00,192450,581.0,236184,9471.0,29114,45.0,6649,286.0,70622,528.0,113233,4783.0
2020-06-06 00:00:00+00:00,193022,572.0,246622,10438.0,29145,31.0,6946,297.0,70924,302.0,118695,5462.0
2020-06-07 00:00:00+00:00,193363,341.0,257486,10864.0,29158,13.0,7207,261.0,70961,37.0,123848,5153.0
2020-06-08 00:00:00+00:00,193637,274.0,265928,8442.0,29213,55.0,7473,266.0,71182,221.0,129095,5247.0
2020-06-09 00:00:00+00:00,194190,553.0,276146,10218.0,29301,88.0,7750,277.0,71626,444.0,134670,5575.0
2020-06-10 00:00:00+00:00,194815,625.0,286605,10459.0,29322,21.0,8102,352.0,71952,326.0,135206,536.0
2020-06-11 00:00:00+00:00,195179,364.0,297535,10930.0,29349,27.0,8498,396.0,72269,317.0,147195,11989.0
2020-06-12 00:00:00+00:00,195981,802.0,308993,11458.0,29377,28.0,8884,386.0,72695,426.0,154330,7135.0
2020-06-13 00:00:00+00:00,196478,497.0,320922,11929.0,29401,24.0,9195,311.0,72931,236.0,162379,8049.0
2020-06-14 00:00:00+00:00,196868,390.0,332424,11502.0,29411,10.0,9520,325.0,72982,51.0,169798,7419.0
2020-06-15 00:00:00+00:00,197004,136.0,343091,10667.0,29439,28.0,9900,380.0,73168,186.0,180013,10215.0
2020-06-16 00:00:00+00:00,197667,663.0,354065,10974.0,29553,114.0,11903,2003.0,73459,291.0,186935,6922.0
2020-06-17 00:00:00+00:00,198155,488.0,366946,12881.0,29578,25.0,12237,334.0,73791,332.0,194325,7390.0
2020-06-18 00:00:00+00:00,198741,586.0,380532,13586.0,29606,28.0,12573,336.0,74011,220.0,204711,10386.0
2020-06-19 00:00:00+00:00,199528,787.0,395048,14516.0,29620,14.0,12948,375.0,74241,230.0,213831,9120.0
2020-06-20 00:00:00+00:00,200147,619.0,410451,15403.0,29638,18.0,13254,306.0,74436,195.0,227728,13897.0
2020-06-21 00:00:00+00:00,200490,343.0,425282,14831.0,29644,6.0,13699,445.0,74496,60.0,237196,9468.0
2020-06-22 00:00:00+00:00,200632,142.0,440215,14933.0,29668,24.0,14011,312.0,74736,240.0,248190,10994.0
2020-06-23 00:00:00+00:00,201330,698.0,456183,15968.0,29722,54.0,14476,465.0,74995,259.0,258685,10495.0
2020-06-24 00:00:00+00:00,201598,268.0,473105,16922.0,29735,13.0,14894,418.0,75251,256.0,271697,13012.0
2020-06-25 00:00:00+00:00,201853,255.0,490401,17296.0,29754,19.0,15301,407.0,75475,224.0,285637,13940.0
2020-06-26 00:00:00+00:00,203116,1263.0,508953,18552.0,29780,26.0,15685,384.0,75773,298.0,295881,10244.0
2020-06-27 00:00:00+00:00,203564,448.0,528859,19906.0,29781,1.0,16095,410.0,75773,0.0,309713,13832.0
2020-06-28 00:00:00+00:00,203158,-406.0,548318,19459.0,29781,0.0,16475,380.0,75774,1.0,321723,12010.0
2020-06-29 00:00:00+00:00,203803,645.0,566840,18522.0,29816,35.0,16893,418.0,76124,350.0,334822,13099.0
2020-06-30 00:00:00+00:00,204244,441.0,585481,18641.0,29846,30.0,17400,507.0,76399,275.0,347912,13090.0
2020-07-01 00:00:00+00:00,205234,990.0,604641,19160.0,29865,19.0,17834,434.0,76674,275.0,359860,11948.0
2020-07-02 00:00:00+00:00,205773,539.0,625544,20903.0,29878,13.0,18213,379.0,76927,253.0,379892,20032.0
2020-07-03 00:00:00+00:00,206312,539.0,648315,22771.0,29896,18.0,18655,442.0,77185,258.0,394227,14335.0
2020-07-04 00:00:00+00:00,206670,358.0,673165,24850.0,29896,0.0,19268,613.0,77185,0.0,409083,14856.0
2020-07-05 00:00:00+00:00,206681,11.0,697413,24248.0,29895,-1.0,19693,425.0,77185,0.0,424433,15350.0
2020-07-06 00:00:00+00:00,207699,1018.0,719664,22251.0,29925,30.0,20159,466.0,77444,259.0,439934,15501.0
2020-07-07 00:00:00+00:00,208153,454.0,742417,22753.0,29936,11.0,20642,483.0,77780,336.0,456831,16897.0
2020-07-08 00:00:00+00:00,208975,822.0,767296,24879.0,29967,31.0,21129,487.0,77780,0.0,476378,19547.0
2020-07-09 00:00:00+00:00,209419,444.0,793802,26506.0,29983,16.0,21604,475.0,78295,515.0,495513,19135.0
2020-07-10 00:00:00+00:00,210134,715.0,820916,27114.0,30009,26.0,22123,519.0,78513,218.0,515386,19873.0
2020-07-11 00:00:00+00:00,210385,251.0,849522,28606.0,30012,3.0,22673,550.0,78513,0.0,534618,19232.0
2020-07-12 00:00:00+00:00,210401,16.0,878254,28732.0,30012,0.0,23174,501.0,78513,0.0,553471,18853.0
2020-07-13 00:00:00+00:00,211824,1423.0,906752,28498.0,30035,23.0,23727,553.0,78722,209.0,571460,17989.0
2020-07-14 00:00:00+00:00,211886,62.0,936181,29429.0,30037,2.0,24309,582.0,78722,0.0,592032,20572.0
2020-07-15 00:00:00+00:00,212613,727.0,968857,32676.0,30125,88.0,24914,605.0,78945,223.0,612768,20736.0
2020-07-16 00:00:00+00:00,213182,569.0,1003832,34975.0,30142,17.0,25602,688.0,79161,216.0,635757,22989.0
2020-07-17 00:00:00+00:00,214011,829.0,1039084,35252.0,30155,13.0,26273,671.0,79371,210.0,653751,17994.0
2020-07-18 00:00:00+00:00,214174,163.0,1077781,38697.0,30158,3.0,26816,543.0,79371,0.0,677423,23672.0
2020-07-19 00:00:00+00:00,214178,4.0,1118206,40425.0,30158,0.0,27497,681.0,79371,0.0,700087,22664.0
2020-07-20 00:00:00+00:00,216089,1911.0,1155338,37132.0,30182,24.0,28082,585.0,79668,297.0,724578,24491.0
2020-07-21 00:00:00+00:00,216684,595.0,1193078,37740.0,30169,-13.0,28732,650.0,79861,193.0,753050,28472.0
2020-07-22 00:00:00+00:00,217605,921.0,1238798,45720.0,30175,6.0,29861,1129.0,80084,223.0,782607,29557.0
2020-07-23 00:00:00+00:00,218841,1236.0,1288108,49310.0,30186,11.0,30601,740.0,80600,516.0,817209,34602.0
2020-07-24 00:00:00+00:00,219932,1091.0,1337024,48916.0,30196,10.0,31358,757.0,80943,343.0,849432,32223.0
2020-07-25 00:00:00+00:00,220020,88.0,1385635,48611.0,30196,0.0,32060,702.0,80945,2.0,885573,36141.0
2020-07-26 00:00:00+00:00,220020,0.0,1435616,49981.0,30196,0.0,32771,711.0,80945,0.0,917568,31995.0
2020-07-27 00:00:00+00:00,222508,2488.0,1480073,44457.0,30214,18.0,33408,637.0,81212,267.0,951166,33598.0
2020-07-28 00:00:00+00:00,223072,564.0,1531669,51596.0,30227,13.0,34193,785.0,81441,229.0,988029,36863.0
2020-07-29 00:00:00+00:00,224542,1470.0,1581963,50294.0,30241,14.0,34955,762.0,81443,2.0,1019735,31706.0
2020-07-30 00:00:00+00:00,225931,1389.0,1634746,52783.0,30257,16.0,35718,763.0,81632,189.0,1055348,35613.0
2020-07-31 00:00:00+00:00,227239,1308.0,1695988,61242.0,30268,11.0,36511,793.0,81764,132.0,1094374,39026.0
2020-08-01 00:00:00+00:00,227302,63.0,1750723,54735.0,30268,0.0,37364,853.0,81764,0.0,1145629,51255.0
2020-08-02 00:00:00+00:00,227305,3.0,1803695,52972.0,30268,0.0,38135,771.0,81764,0.0,1186203,40574.0
2020-08-03 00:00:00+00:00,230665,3360.0,1855745,52050.0,30298,30.0,38938,803.0,81764,0.0,1230509,44306.0
2020-08-04 00:00:00+00:00,231636,971.0,1908254,52509.0,30300,2.0,39795,857.0,81764,0.0,1282215,51706.0
2020-08-05 00:00:00+00:00,233344,1708.0,1964536,56282.0,30311,11.0,40699,904.0,82298,534.0,1328336,46121.0
2020-08-06 00:00:00+00:00,234945,1601.0,2027074,62538.0,30315,4.0,41585,886.0,82592,294.0,1378105,49769.0
2020-08-07 00:00:00+00:00,237332,2387.0,2088611,61537.0,30328,13.0,42518,933.0,82968,376.0,1427005,48900.0
2020-08-08 00:00:00+00:00,237402,70.0,2153010,64399.0,30329,1.0,43379,861.0,82968,0.0,1480884,53879.0
2020-08-09 00:00:00+00:00,237437,35.0,2215074,62064.0,30329,0.0,44386,1007.0,82971,3.0,1535743,54859.0
2020-08-10 00:00:00+00:00,242168,4731.0,2268675,53601.0,30344,15.0,45257,871.0,82971,0.0,1583489,47746.0
2020-08-11 00:00:00+00:00,243582,1414.0,2329638,60963.0,30358,14.0,46091,834.0,82971,0.0,1639599,56110.0
2020-08-12 00:00:00+00:00,246180,2598.0,2396637,66999.0,30376,18.0,47033,942.0,83609,638.0,1695982,56383.0
2020-08-13 00:00:00+00:00,248858,2678.0,2461190,64553.0,30393,17.0,48040,1007.0,83612,3.0,1751555,55573.0
2020-08-14 00:00:00+00:00,251781,2923.0,2525922,64732.0,30412,19.0,49036,996.0,83993,381.0,1808936,57381.0
2020-08-15 00:00:00+00:00,254991,3210.0,2589952,64030.0,30413,1.0,49980,944.0,83993,0.0,1862258,53322.0
2020-08-16 00:00:00+00:00,257994,3003.0,2647663,57711.0,30414,1.0,50921,941.0,83993,0.0,1919842,57584.0
2020-08-17 00:00:00+00:00,258644,650.0,2702681,55018.0,30434,20.0,51797,876.0,84214,221.0,1977671,57829.0
2020-08-18 00:00:00+00:00,260763,2119.0,2767253,64572.0,30456,22.0,52888,1091.0,84214,0.0,2037816,60145.0
2020-08-19 00:00:00+00:00,264535,3772.0,2836925,69672.0,30474,18.0,53866,978.0,84214,0.0,2096664,58848.0
2020-08-20 00:00:00+00:00,269335,4800.0,2905825,68900.0,30485,11.0,54849,983.0,84214,0.0,2158946,62282.0
2020-08-21 00:00:00+00:00,274344,5009.0,2975701,69876.0,30509,24.0,55794,945.0,84981,767.0,2222577,63631.0
2020-08-22 00:00:00+00:00,277818,3474.0,3044940,69239.0,30518,9.0,56706,912.0,85102,121.0,2280566,57989.0
2020-08-23 00:00:00+00:00,282498,4680.0,3106348,61408.0,30518,0.0,57542,836.0,85125,23.0,2338035,57469.0
2020-08-24 00:00:00+00:00,284474,1976.0,3167323,60975.0,30534,16.0,58390,848.0,85352,227.0,2404585,66550.0
2020-08-25 00:00:00+00:00,288090,3616.0,3224547,57224.0,30553,19.0,59357,967.0,85757,405.0,2458339,53754.0
2020-08-26 00:00:00+00:00,288377,287.0,3310234,85687.0,30553,0.0,60472,1115.0,85811,54.0,2523771,65432.0
2020-08-27 00:00:00+00:00,299580,11203.0,3387500,77266.0,30588,35.0,61529,1057.0,86271,460.0,2583948,60177.0
2020-08-28 00:00:00+00:00,307221,7641.0,3463972,76472.0,30606,18.0,62550,1021.0,86495,224.0,2648998,65050.0
2020-08-29 00:00:00+00:00,312681,5460.0,3542733,78761.0,30612,6.0,63498,948.0,86495,0.0,2713933,64935.0
2020-08-30 00:00:00+00:00,318047,5366.0,3621245,78512.0,30615,3.0,64469,971.0,86495,0.0,2774801,60868.0
2020-08-31 00:00:00+00:00,321160,3113.0,3691166,69921.0,30646,31.0,65288,819.0,86790,295.0,2839882,65081.0
2020-09-01 00:00:00+00:00,326264,5104.0,3769523,78357.0,30673,27.0,66333,1045.0,87036,246.0,2901908,62026.0
2020-09-02 00:00:00+00:00,333377,7113.0,3853406,83883.0,30700,27.0,67376,1043.0,87418,382.0,2970492,68584.0
2020-09-03 00:00:00+00:00,340499,7122.0,3936747,83341.0,30717,17.0,68472,1096.0,87661,243.0,3037151,66659.0
2020-09-04 00:00:00+00:00,349333,8834.0,4023179,86432.0,30696,-21.0,69561,1089.0,87927,266.0,3107223,70072.0
2020-09-05 00:00:00+00:00,357927,8594.0,4113811,90632.0,30708,12.0,70626,1065.0,87927,0.0,3180865,73642.0
2020-09-06 00:00:00+00:00,364943,7016.0,4204613,90802.0,30712,4.0,71642,1016.0,87927,0.0,3250429,69564.0
2020-09-07 00:00:00+00:00,369209,4266.0,4280422,75809.0,30735,23.0,72775,1133.0,88484,557.0,3323950,73521.0
2020-09-08 00:00:00+00:00,375947,6738.0,4370128,89706.0,30773,38.0,73890,1115.0,88876,392.0,3398844,74894.0
2020-09-09 00:00:00+00:00,384566,8619.0,4465863,95735.0,30805,32.0,75062,1172.0,89242,366.0,3471783,72939.0
2020-09-10 00:00:00+00:00,394328,9762.0,4562414,96551.0,30824,19.0,76271,1209.0,89468,226.0,3542663,70880.0
2020-09-11 00:00:00+00:00,403837,9509.0,4659984,97570.0,30906,82.0,77472,1201.0,89890,422.0,3624196,81533.0
2020-09-12 00:00:00+00:00,415174,11337.0,4754356,94372.0,30924,18.0,78586,1114.0,90445,555.0,3702595,78399.0
2020-09-13 00:00:00+00:00,421519,6345.0,4846427,92071.0,30929,5.0,79722,1136.0,90445,0.0,3780107,77512.0
2020-09-14 00:00:00+00:00,427915,6396.0,4930236,83809.0,30963,34.0,80776,1054.0,90432,-13.0,3859399,79292.0
2020-09-15 00:00:00+00:00,435741,7826.0,5020359,90123.0,31013,50.0,82066,1290.0,90816,384.0,3942360,82961.0
2020-09-16 00:00:00+00:00,445932,10191.0,5118253,97894.0,31061,48.0,83198,1132.0,91293,477.0,4025079,82719.0
2020-09-17 00:00:00+00:00,456171,10239.0,5214677,96424.0,31108,47.0,84372,1174.0,91765,472.0,4112551,87472.0
2020-09-18 00:00:00+00:00,469404,13233.0,5308014,93337.0,31262,154.0,85619,1247.0,92700,935.0,4208431,95880.0
2020-09-19 00:00:00+00:00,482964,13560.0,5400619,92605.0,31287,25.0,86752,1133.0,93586,886.0,4303043,94612.0
2020-09-20 00:00:00+00:00,493500,10536.0,5487580,86961.0,31298,11.0,87882,1130.0,93586,0.0,4396399,93356.0
2020-09-21 00:00:00+00:00,499039,5539.0,5562663,75083.0,31351,53.0,88935,1053.0,94289,703.0,4497867,101468.0
2020-09-22 00:00:00+00:00,509123,10084.0,5646010,83347.0,31430,79.0,90020,1085.0,94961,672.0,4587613,89746.0
2020-09-23 00:00:00+00:00,522414,13291.0,5732518,86508.0,31478,48.0,91149,1129.0,96498,1537.0,4674987,87374.0
2020-09-24 00:00:00+00:00,538264,15850.0,5818570,86052.0,31524,46.0,92290,1141.0,95980,-518.0,4756164,81177.0
2020-09-25 00:00:00+00:00,554368,16104.0,5903932,85362.0,31675,151.0,93379,1089.0,96909,929.0,4849584,93420.0
2020-09-26 00:00:00+00:00,568588,14220.0,5992532,88600.0,31714,39.0,94503,1124.0,96937,28.0,4941627,92043.0
2020-09-27 00:00:00+00:00,579223,10635.0,6074702,82170.0,31741,27.0,95542,1039.0,96937,0.0,5016520,74893.0
2020-09-28 00:00:00+00:00,583522,4299.0,6145291,70589.0,31825,84.0,96318,776.0,97127,190.0,5101397,84877.0
2020-09-29 00:00:00+00:00,591527,8005.0,6225763,80472.0,31898,73.0,97497,1179.0,98088,961.0,5187825,86428.0
2020-09-30 00:00:00+00:00,605893,14366.0,6312584,86821.0,31978,80.0,98678,1181.0,98632,544.0,5273201,85376.0
2020-10-01 00:00:00+00:00,618944,13051.0,6394068,81484.0,32035,57.0,99773,1095.0,99154,522.0,5352078,78877.0
2020-10-02 00:00:00+00:00,631380,12436.0,6473544,79476.0,32171,136.0,100842,1069.0,100253,1099.0,5427706,75628.0
2020-10-03 00:00:00+00:00,647868,16488.0,6549373,75829.0,32196,25.0,101782,940.0,100281,28.0,5509966,82260.0
2020-10-04 00:00:00+00:00,660372,12504.0,6623815,74442.0,32228,32.0,102685,903.0,100281,0.0,5586703,76737.0
2020-10-05 00:00:00+00:00,666011,5639.0,6685082,61267.0,32299,71.0,103569,884.0,100873,592.0,5662490,75787.0
2020-10-06 00:00:00+00:00,677321,11310.0,6757131,72049.0,32386,87.0,104555,986.0,101443,570.0,5744693,82203.0
2020-10-07 00:00:00+00:00,696274,18953.0,6835655,78524.0,32466,80.0,105526,971.0,102061,618.0,5827704,83011.0
2020-10-08 00:00:00+00:00,713676,17402.0,6906151,70496.0,32539,73.0,106490,964.0,102542,481.0,5906069,78365.0
2020-10-09 00:00:00+00:00,734764,21088.0,6979423,73272.0,32649,110.0,107416,926.0,103232,690.0,5988822,82753.0
2020-10-10 00:00:00+00:00,761441,26677.0,7053806,74383.0,32684,35.0,108334,918.0,103232,0.0,6077976,89154.0
2020-10-11 00:00:00+00:00,777378,15937.0,7120538,66732.0,32730,46.0,109150,816.0,103232,0.0,6149535,71559.0
2020-10-12 00:00:00+00:00,786590,9212.0,7175880,55342.0,32827,97.0,109856,706.0,104035,803.0,6227295,77760.0
2020-10-13 00:00:00+00:00,800216,13626.0,7239389,63509.0,32955,128.0,110586,730.0,105203,1168.0,6301927,74632.0
2020-10-14 00:00:00+00:00,823218,23002.0,7307097,67708.0,33061,106.0,111266,680.0,106374,1171.0,6383441,81514.0
2020-10-15 00:00:00+00:00,852975,29757.0,7370468,63371.0,33146,85.0,112161,895.0,107043,669.0,6453779,70338.0
2020-10-16 00:00:00+00:00,878607,25632.0,7432680,62212.0,33325,179.0,112998,837.0,108014,971.0,6524595,70816.0
2020-10-17 00:00:00+00:00,910711,32104.0,7494551,61871.0,33398,73.0,114031,1033.0,108014,0.0,6597209,72614.0
2020-10-18 00:00:00+00:00,940548,29837.0,7550273,55722.0,33483,85.0,114610,579.0,108014,0.0,6663608,66399.0
2020-10-19 00:00:00+00:00,954837,14289.0,7597063,46790.0,33631,148.0,115197,587.0,109611,1597.0,6733328,69720.0
2020-10-20 00:00:00+00:00,975213,20376.0,7651107,54044.0,33912,281.0,115914,717.0,110515,904.0,6795103,61775.0
2020-10-21 00:00:00+00:00,1002635,27422.0,7706946,55839.0,34080,168.0,116616,702.0,111715,1200.0,6874518,79415.0
2020-10-22 00:00:00+00:00,1043448,40813.0,7761312,54366.0,34234,154.0,117306,690.0,112662,947.0,6948497,73979.0
2020-10-23 00:00:00+00:00,1086285,42837.0,7814682,53370.0,34534,300.0,117956,650.0,113636,974.0,7016046,67549.0
2020-10-24 00:00:00+00:00,1131550,45265.0,7864811,50129.0,34670,136.0,118534,578.0,113636,0.0,7078123,62077.0
2020-10-25 00:00:00+00:00,1138166,6616.0,7909959,45148.0,34649,-21.0,119014,480.0,113698,62.0,7137228,59105.0
2020-10-26 00:00:00+00:00,1211176,73010.0,7946429,36470.0,35038,389.0,119502,488.0,115964,2266.0,7201070,63842.0
2020-10-27 00:00:00+00:00,1245658,34482.0,7990322,43893.0,35567,529.0,120010,508.0,117400,1436.0,7259509,58439.0
2020-10-28 00:00:00+00:00,1283208,37550.0,8040203,49881.0,35826,259.0,120527,517.0,119413,2013.0,7315989,56480.0
2020-10-29 00:00:00+00:00,1329820,46612.0,8088851,48648.0,36058,232.0,121090,563.0,120723,1310.0,7373375,57386.0
2020-10-30 00:00:00+00:00,1379294,49474.0,8137119,48268.0,36605,547.0,121641,551.0,122224,1501.0,7432829,59454.0
2020-10-31 00:00:00+00:00,1414364,35070.0,8184082,46963.0,36827,222.0,122111,470.0,123095,871.0,7491513,58684.0
2020-11-01 00:00:00+00:00,1460543,46179.0,8229313,45231.0,37058,231.0,122607,496.0,123664,569.0,7544798,53285.0
2020-11-02 00:00:00+00:00,1566634,106091.0,8267623,38310.0,37486,428.0,123097,490.0,123664,0.0,7603121,58323.0
2020-11-03 00:00:00+00:00,1639235,72601.0,8313876,46253.0,38765,1279.0,123611,514.0,123664,0.0,7656478,53357.0
2020-11-04 00:00:00+00:00,1593159,-46076.0,8364086,50210.0,38734,-31.0,124315,704.0,126195,2531.0,7711809,55331.0
2020-11-05 00:00:00+00:00,1650965,57806.0,8411724,47638.0,39088,354.0,124985,670.0,129759,3564.0,7765966,54157.0
2020-11-06 00:00:00+00:00,1711917,60952.0,8462080,50356.0,39917,829.0,125562,577.0,131810,2051.0,7819886,53920.0
2020-11-07 00:00:00+00:00,1798572,86655.0,8507754,45674.0,40220,303.0,126121,559.0,133419,1609.0,7868968,49082.0
2020-11-08 00:00:00+00:00,1837134,38562.0,8553657,45903.0,40490,270.0,126611,490.0,134095,676.0,7917373,48405.0
2020-11-09 00:00:00+00:00,1858558,21424.0,8591730,38073.0,41050,560.0,127059,448.0,135216,1121.0,7959406,42033.0
2020-11-10 00:00:00+00:00,1881171,22613.0,8636011,44281.0,42281,1231.0,127571,512.0,137401,2185.0,8013783,54377.0
2020-11-11 00:00:00+00:00,1917577,36406.0,8683916,47905.0,42609,328.0,128121,550.0,139177,1776.0,8066501,52718.0
2020-11-12 00:00:00+00:00,1950205,32628.0,8728795,44879.0,43024,415.0,128668,547.0,140470,1293.0,8115580,49079.0
2020-11-13 00:00:00+00:00,1974270,24065.0,8773479,44684.0,43957,933.0,129188,520.0,142671,2201.0,8163572,47992.0
2020-11-14 00:00:00+00:00,2006227,31957.0,8814579,41100.0,44310,353.0,129635,447.0,144656,1985.0,8205728,42156.0
2020-11-15 00:00:00+00:00,2033419,27192.0,8845127,30548.0,44613,303.0,130070,435.0,145326,670.0,8249579,43851.0
2020-11-16 00:00:00+00:00,2043469,10050.0,8874290,29163.0,45124,511.0,130519,449.0,146396,1070.0,8290370,40791.0
2020-11-17 00:00:00+00:00,2089071,45602.0,8912907,38617.0,46350,1226.0,130993,474.0,148669,2273.0,8335109,44739.0
2020-11-18 00:00:00+00:00,2117968,28897.0,8958483,45576.0,46781,431.0,131578,585.0,150966,2297.0,8383602,48493.0
2020-11-19 00:00:00+00:00,2138704,20736.0,9004365,45882.0,47198,417.0,132162,584.0,153145,2179.0,8428409,44807.0
2020-11-20 00:00:00+00:00,2161968,23264.0,9050597,46232.0,48339,1141.0,132726,564.0,155829,2684.0,8478124,49715.0
2020-11-21 00:00:00+00:00,2179638,17670.0,9095806,45209.0,48591,252.0,133227,501.0,156755,926.0,8521617,43493.0
2020-11-22 00:00:00+00:00,2192768,13130.0,9139865,44059.0,48805,214.0,133738,511.0,157259,504.0,8562641,41024.0
2020-11-23 00:00:00+00:00,2197830,5062.0,9177840,37975.0,49311,506.0,134218,480.0,158170,911.0,8604955,42314.0
2020-11-24 00:00:00+00:00,2207751,9921.0,9222216,44376.0,50322,1011.0,134699,481.0,160257,2087.0,8642771,37816.0
2020-11-25 00:00:00+00:00,2224505,16754.0,9266705,44489.0,50710,388.0,135223,524.0,162130,1873.0,8679138,36367.0
2020-11-26 00:00:00+00:00,2237506,13001.0,9309787,43082.0,51041,331.0,135715,492.0,163814,1684.0,8718517,39379.0
2020-11-27 00:00:00+00:00,2250280,12774.0,9351109,41322.0,52000,959.0,136200,485.0,165493,1679.0,8759969,41452.0
2020-11-28 00:00:00+00:00,2262757,12477.0,9392919,41810.0,52212,212.0,136696,496.0,166715,1222.0,8802267,42298.0
2020-11-29 00:00:00+00:00,2272520,9763.0,9431691,38772.0,52410,198.0,137139,443.0,167005,290.0,8847600,45333.0
2020-11-30 00:00:00+00:00,2276874,4354.0,9462809,31118.0,52819,409.0,137621,482.0,167913,908.0,8889585,41985.0
2020-12-01 00:00:00+00:00,2285238,8364.0,9499413,36604.0,53596,777.0,138122,501.0,169663,1750.0,8932647,43062.0
2020-12-02 00:00:00+00:00,2299466,14228.0,9534964,35551.0,53907,311.0,138648,526.0,171197,1534.0,8973373,40726.0
2020-12-03 00:00:00+00:00,2312253,12787.0,9571559,36595.0,54231,324.0,139188,540.0,172574,1377.0,9016289,42916.0
2020-12-04 00:00:00+00:00,2323764,11511.0,9608211,36652.0,54861,630.0,139700,512.0,173986,1412.0,9058822,42533.0
2020-12-05 00:00:00+00:00,2336646,12882.0,9644222,36011.0,55073,212.0,140182,482.0,174992,1006.0,9100792,41970.0
2020-12-06 00:00:00+00:00,2347595,10949.0,9677203,32981.0,55247,174.0,140573,391.0,175220,228.0,9139901,39109.0
2020-12-07 00:00:00+00:00,2351006,3411.0,9703770,26567.0,55613,366.0,140958,385.0,175919,699.0,9178946,39045.0
2020-12-08 00:00:00+00:00,2365043,14037.0,9735850,32080.0,56451,838.0,141360,402.0,177558,1639.0,9215581,36635.0
2020-12-09 00:00:00+00:00,2379718,14675.0,9767371,31521.0,56748,297.0,141772,412.0,178937,1379.0,9253306,37725.0
2020-12-10 00:00:00+00:00,2393590,13872.0,9796744,29373.0,57044,296.0,142185,413.0,180348,1411.0,9290809,37503.0
2020-12-11 00:00:00+00:00,2407079,13489.0,9826775,30031.0,57672,628.0,142628,443.0,181581,1233.0,9324328,33519.0
2020-12-12 00:00:00+00:00,2421026,13947.0,9857029,30254.0,57865,193.0,143019,391.0,181581,0.0,9357464,33136.0
2020-12-13 00:00:00+00:00,2432559,11533.0,9884100,27071.0,58015,150.0,143355,336.0,182685,1104.0,9388159,30695.0
2020-12-14 00:00:00+00:00,2435751,3192.0,9906165,22065.0,58391,376.0,143709,354.0,183340,655.0,9422636,34477.0
2020-12-15 00:00:00+00:00,2447406,11655.0,9932547,26382.0,59182,791.0,144096,387.0,184780,1440.0,9456449,33813.0
2020-12-16 00:00:00+00:00,2465126,17720.0,9956557,24010.0,59472,290.0,144451,355.0,186004,1224.0,9489740,33291.0
2020-12-17 00:00:00+00:00,2483524,18398.0,9979447,22890.0,59733,261.0,144789,338.0,187199,1195.0,9520827,31087.0
2020-12-18 00:00:00+00:00,2499529,16005.0,10004599,25152.0,60345,612.0,145136,347.0,188488,1289.0,9550712,29885.0
2020-12-19 00:00:00+00:00,2516957,17428.0,10031223,26624.0,60534,189.0,145477,341.0,189403,915.0,9580402,29690.0
2020-12-20 00:00:00+00:00,2529756,12799.0,10055560,24337.0,60665,131.0,145810,333.0,189638,235.0,9606111,25709.0
2020-12-21 00:00:00+00:00,2535716,5960.0,10075116,19556.0,61019,354.0,146111,301.0,190296,658.0,9636487,30376.0
2020-12-22 00:00:00+00:00,2547577,11861.0,10099066,23950.0,61821,802.0,146444,333.0,191892,1596.0,9663382,26895.0
2020-12-23 00:00:00+00:00,2562615,15038.0,10123778,24712.0,62098,277.0,146756,312.0,193192,1300.0,9693173,29791.0
2020-12-24 00:00:00+00:00,2584333,21718.0,10146845,23067.0,62389,291.0,147092,336.0,194559,1367.0,9717834,24661.0
2020-12-25 00:00:00+00:00,2604595,20262.0,10169118,22273.0,62548,159.0,147343,251.0,195365,806.0,9740108,22274.0
2020-12-26 00:00:00+00:00,2607688,3093.0,10187850,18732.0,62694,146.0,147622,279.0,195638,273.0,9761538,21430.0
2020-12-27 00:00:00+00:00,2616510,8822.0,10207871,20021.0,62867,173.0,147901,279.0,195861,223.0,9782669,21131.0
2020-12-28 00:00:00+00:00,2619616,3106.0,10224303,16432.0,63235,368.0,148153,252.0,196642,781.0,9807569,24900.0
2020-12-29 00:00:00+00:00,2631110,11494.0,10244852,20549.0,64204,969.0,148439,286.0,197726,1084.0,9834141,26572.0
2020-12-30 00:00:00+00:00,2657624,26514.0,10266674,21822.0,64508,304.0,148738,299.0,198966,1240.0,9860280,26139.0
2020-12-31 00:00:00+00:00,2677666,20042.0,10266674,0.0,64759,251.0,148738,0.0,200142,1176.0,9860280,0.0
2021-01-01 00:00:00+00:00,2697014,19348.0,10286709,20035.0,64892,133.0,148994,256.0,200822,680.0,9883461,23181.0
2021-01-02 00:00:00+00:00,2700480,3466.0,10323965,37256.0,65048,156.0,149435,441.0,201095,273.0,9927310,43849.0
2021-01-03 00:00:00+00:00,2712975,12495.0,10340469,16504.0,65164,116.0,149649,214.0,201308,213.0,9946867,19557.0
2021-01-04 00:00:00+00:00,2717059,4084.0,10356844,16375.0,65549,385.0,149850,201.0,201959,651.0,9975958,29091.0
2021-01-05 00:00:00+00:00,2737884,20825.0,10374932,18088.0,66417,868.0,150114,264.0,203425,1466.0,9997272,21314.0
2021-01-06 00:00:00+00:00,2763116,25232.0,10395278,20346.0,66699,282.0,150336,222.0,204679,1254.0,10016859,19587.0
2021-01-07 00:00:00+00:00,2784883,21767.0,10413417,18139.0,66975,276.0,150570,234.0,204680,1.0,10037398,20539.0
2021-01-08 00:00:00+00:00,2804743,19860.0,10413417,0.0,67566,591.0,150570,0.0,207211,2531.0,10037398,0.0
2021-01-09 00:00:00+00:00,2824920,20177.0,10450284,36867.0,67734,168.0,150999,429.0,208090,879.0,10075950,38552.0
2021-01-10 00:00:00+00:00,2840864,15944.0,10466595,16311.0,67885,151.0,151160,161.0,208354,264.0,10092909,16959.0
2021-01-11 00:00:00+00:00,2844680,3816.0,10479179,12584.0,68197,312.0,151327,167.0,208997,643.0,10111294,18385.0
2021-01-12 00:00:00+00:00,2864360,19680.0,10495147,15968.0,68939,742.0,151529,202.0,210315,1318.0,10129111,17817.0
2021-01-13 00:00:00+00:00,2888292,23932.0,10512093,16946.0,69168,229.0,151727,198.0,211598,1283.0,10146763,17652.0
2021-01-14 00:00:00+00:00,2909723,21431.0,10527683,15590.0,69452,284.0,151918,191.0,212728,1130.0,10162738,15975.0
2021-01-15 00:00:00+00:00,2931040,21317.0,10542841,15158.0,70088,636.0,152093,175.0,213997,1269.0,10179715,16977.0
2021-01-16 00:00:00+00:00,2952449,21409.0,10557985,15144.0,70281,193.0,152274,181.0,213997,0.0,10196885,17170.0
2021-01-17 00:00:00+00:00,2969091,16642.0,10571773,13788.0,70422,141.0,152419,145.0,215269,1272.0,10211342,14457.0
2021-01-18 00:00:00+00:00,2972889,3798.0,10581823,10050.0,70826,404.0,152556,137.0,216129,860.0,10228753,17411.0
2021-01-19 00:00:00+00:00,2996784,23895.0,10595639,13816.0,71482,656.0,152718,162.0,217745,1616.0,10245741,16988.0
2021-01-20 00:00:00+00:00,3023661,26877.0,10610883,15244.0,71792,310.0,152869,151.0,219354,1609.0,10265706,19965.0
2021-01-21 00:00:00+00:00,3046371,22710.0,10625428,14545.0,72139,347.0,153032,163.0,220650,1296.0,10283702,17996.0
2021-01-22 00:00:00+00:00,3069695,23324.0,10639684,14256.0,72788,649.0,153184,152.0,221937,1287.0,10300838,17136.0
2021-01-23 00:00:00+00:00,3093619,23924.0,10654533,14849.0,73018,230.0,153339,155.0,222840,903.0,10316786,15948.0
2021-01-24 00:00:00+00:00,3112055,18436.0,10667736,13203.0,73190,172.0,153470,131.0,223080,240.0,10330084,13298.0
2021-01-25 00:00:00+00:00,3116355,4300.0,10676838,9102.0,73636,446.0,153587,117.0,223823,743.0,10345985,15901.0
2021-01-26 00:00:00+00:00,3138498,22143.0,10689527,12689.0,74250,614.0,153724,137.0,225267,1444.0,10359305,13320.0
2021-01-27 00:00:00+00:00,3165449,26951.0,10701193,11666.0,74600,350.0,153847,123.0,226685,1418.0,10373606,14301.0
2021-01-28 00:00:00+00:00,3189405,23956.0,10720048,18855.0,74944,344.0,154010,163.0,226772,87.0,10394352,20746.0
2021-01-29 00:00:00+00:00,3212640,23235.0,10733130,13082.0,75765,821.0,154147,137.0,229634,2862.0,10409146,14794.0
2021-01-30 00:00:00+00:00,3236685,24045.0,10746174,13044.0,76006,241.0,154274,127.0,230326,692.0,10423109,13963.0
2021-01-31 00:00:00+00:00,3255920,19235.0,10757610,11436.0,76201,195.0,154392,118.0,230612,286.0,10434983,11874.0
2021-02-01 00:00:00+00:00,3260308,4388.0,10766245,8635.0,76657,456.0,154486,94.0,231525,913.0,10448406,13423.0
2021-02-02 00:00:00+00:00,3283645,23337.0,10777284,11039.0,77383,726.0,154596,110.0,233102,1577.0,10462631,14225.0
2021-02-03 00:00:00+00:00,3310051,26406.0,10790183,12899.0,77741,358.0,154703,107.0,234678,1576.0,10480455,17824.0
2021-02-04 00:00:00+00:00,3310071,20.0,10802591,12408.0,77741,0.0,154823,120.0,234678,0.0,10496308,15853.0
2021-02-05 00:00:00+00:00,3355678,45607.0,10814304,11713.0,78749,1008.0,154918,95.0,237755,3077.0,10510796,14488.0
2021-02-06 00:00:00+00:00,3376266,20588.0,10826363,12059.0,78940,191.0,154996,78.0,238899,1144.0,10522601,11805.0
2021-02-07 00:00:00+00:00,3395981,19715.0,10838194,11831.0,79111,171.0,155080,84.0,239183,284.0,10534505,11904.0
2021-02-08 00:00:00+00:00,3400324,4343.0,10847304,9110.0,79571,460.0,155158,78.0,240200,1017.0,10548521,14016.0
2021-02-09 00:00:00+00:00,3419210,18886.0,10858371,11067.0,80295,724.0,155252,94.0,241924,1724.0,10561608,13087.0
2021-02-10 00:00:00+00:00,3444888,25678.0,10871294,12923.0,80591,296.0,155360,108.0,243320,1396.0,10573372,11764.0
2021-02-11 00:00:00+00:00,3465964,21076.0,10880603,9309.0,80951,360.0,155447,87.0,244961,1641.0,10589230,15858.0
2021-02-12 00:00:00+00:00,3486673,20709.0,10892746,12143.0,81596,645.0,155550,103.0,244962,1.0,10600625,11395.0
2021-02-13 00:00:00+00:00,3507904,21231.0,10904940,12194.0,81795,199.0,155642,92.0,244962,0.0,10611731,11106.0
2021-02-14 00:00:00+00:00,3524450,16546.0,10916589,11649.0,81962,167.0,155732,90.0,244962,0.0,10621220,9489.0
2021-02-15 00:00:00+00:00,3528856,4406.0,10925710,9121.0,82374,412.0,155813,81.0,248737,3775.0,10633025,11805.0
2021-02-16 00:00:00+00:00,3548452,19596.0,10937320,11610.0,82961,587.0,155913,100.0,250447,1710.0,10644858,11833.0
2021-02-17 00:00:00+00:00,3573638,25186.0,10950201,12881.0,83271,310.0,156014,101.0,251947,1500.0,10656845,11987.0
2021-02-18 00:00:00+00:00,3596156,22518.0,10963394,13193.0,83542,271.0,156111,97.0,253337,1390.0,10667741,10896.0
2021-02-19 00:00:00+00:00,3620283,24127.0,10977387,13993.0,84114,572.0,156212,101.0,253337,0.0,10678048,10307.0
2021-02-20 00:00:00+00:00,3642654,22371.0,10991651,14264.0,84271,157.0,156302,90.0,253337,0.0,10689715,11667.0
2021-02-21 00:00:00+00:00,3664700,22046.0,11005850,14199.0,84430,159.0,156385,83.0,253337,0.0,10699410,9695.0
2021-02-22 00:00:00+00:00,3669354,4654.0,11016434,10584.0,84764,334.0,156463,78.0,256748,3411.0,10712665,13255.0
2021-02-23 00:00:00+00:00,3689534,20180.0,11030176,13742.0,85195,431.0,156567,104.0,258863,2115.0,10726702,14037.0
2021-02-24 00:00:00+00:00,3721061,31527.0,11046914,16738.0,85473,278.0,156705,138.0,260230,1367.0,10738501,11799.0
2021-02-25 00:00:00+00:00,3746475,25414.0,11063491,16577.0,85734,261.0,156825,120.0,261648,1418.0,10750680,12179.0
2021-02-26 00:00:00+00:00,3771691,25216.0,11079979,16488.0,86273,539.0,156938,113.0,261649,1.0,10763451,12771.0
2021-02-27 00:00:00+00:00,3795687,23996.0,11096731,16752.0,86458,185.0,157051,113.0,261649,0.0,10775169,11718.0
2021-02-28 00:00:00+00:00,3815639,19952.0,11112241,15510.0,86580,122.0,157157,106.0,261649,0.0,10786452,11283.0
2021-03-01 00:00:00+00:00,3820369,4730.0,11124527,12286.0,86955,375.0,157248,91.0,265165,3516.0,10798921,12469.0
2021-03-02 00:00:00+00:00,3843241,22872.0,11139516,14989.0,87373,418.0,157346,98.0,266674,1509.0,10812044,13123.0
2021-03-03 00:00:00+00:00,3870144,26903.0,11156923,17407.0,87695,322.0,157435,89.0,268073,1399.0,10826075,14031.0
2021-03-04 00:00:00+00:00,3895430,25286.0,11173761,16838.0,87988,293.0,157548,113.0,269474,1401.0,10839894,13819.0
2021-03-05 00:00:00+00:00,3918937,23507.0,11192045,18284.0,88427,439.0,157656,108.0,270703,1229.0,10854126,14232.0
2021-03-06 00:00:00+00:00,3942243,23306.0,11210799,18754.0,88597,170.0,157756,100.0,271693,990.0,10868520,14394.0
2021-03-07 00:00:00+00:00,3964078,21835.0,11229398,18599.0,88727,130.0,157853,97.0,272079,386.0,10882798,14278.0
2021-03-08 00:00:00+00:00,3969612,5534.0,11244786,15388.0,89090,363.0,157930,77.0,272887,808.0,10899394,16596.0
2021-03-09 00:00:00+00:00,3992755,23143.0,11262707,17921.0,89455,365.0,158063,133.0,274331,1444.0,10920046,20652.0
2021-03-10 00:00:00+00:00,4022429,29674.0,11285561,22854.0,89707,252.0,158189,126.0,275811,1480.0,10938146,18100.0
2021-03-11 00:00:00+00:00,4050558,28129.0,11308846,23285.0,89984,277.0,158306,117.0,277225,1414.0,10953303,15157.0
2021-03-12 00:00:00+00:00,4075735,25177.0,11333728,24882.0,90207,223.0,158446,140.0,278470,1245.0,10973260,19957.0
2021-03-13 00:00:00+00:00,4105527,29792.0,11359048,25320.0,90376,169.0,158607,161.0,279407,937.0,10989897,16637.0
2021-03-14 00:00:00+00:00,4131874,26347.0,11385339,26291.0,90583,207.0,158725,118.0,279752,345.0,11007352,17455.0
2021-03-15 00:00:00+00:00,4138345,6471.0,11409831,24492.0,90924,341.0,158856,131.0,280563,811.0,11027543,20191.0
2021-03-16 00:00:00+00:00,4168411,30066.0,11438734,28903.0,91324,400.0,159044,188.0,282152,1589.0,11045284,17741.0
2021-03-17 00:00:00+00:00,4206912,38501.0,11474605,35871.0,91411,87.0,159216,172.0,282152,0.0,11063025,17741.0
2021-03-18 00:00:00+00:00,4241973,35061.0,11514331,39726.0,91833,422.0,159370,154.0,285055,2903.0,11083679,20654.0
2021-03-19 00:00:00+00:00,4277171,35198.0,11555284,40953.0,92118,285.0,159558,188.0,285055,0.0,11107332,23653.0
2021-03-20 00:00:00+00:00,4312510,35339.0,11599130,43846.0,92295,177.0,159755,197.0,286442,1387.0,11130288,22956.0
2021-03-21 00:00:00+00:00,4343097,30587.0,11646081,46951.0,92433,138.0,159967,212.0,286442,0.0,11151468,21180.0
2021-03-22 00:00:00+00:00,4358910,15813.0,11686796,40715.0,92776,343.0,160166,199.0,288683,2241.0,11181253,29785.0
2021-03-23 00:00:00+00:00,4373607,14697.0,11734058,47262.0,93064,288.0,160441,275.0,290310,1627.0,11205160,23907.0
2021-03-24 00:00:00+00:00,4438999,65392.0,11787534,53476.0,93310,246.0,160692,251.0,290310,0.0,11231650,26490.0
2021-03-25 00:00:00+00:00,4484659,45660.0,11846652,59118.0,93535,225.0,160949,257.0,293410,3100.0,11264637,32987.0
2021-03-26 00:00:00+00:00,4526530,41871.0,11908910,62258.0,94432,897.0,161240,291.0,294865,1455.0,11295023,30386.0
2021-03-27 00:00:00+00:00,4569164,42634.0,11971624,62714.0,94623,191.0,161552,312.0,296179,1314.0,11323762,28739.0
2021-03-28 00:00:00+00:00,4606185,37021.0,12039644,68020.0,94754,131.0,161843,291.0,296581,402.0,11355993,32231.0
2021-03-29 00:00:00+00:00,4615295,9110.0,12095855,56211.0,95114,360.0,162114,271.0,297639,1058.0,11393021,37028.0
2021-03-30 00:00:00+00:00,4646014,30719.0,12149335,53480.0,95495,381.0,162468,354.0,299625,1986.0,11434301,41280.0
2021-03-31 00:00:00+00:00,4705068,59054.0,12221665,72330.0,95798,303.0,162927,459.0,301467,1842.0,11474683,40382.0
2021-04-01 00:00:00+00:00,4755779,50711.0,12303131,81466.0,96106,308.0,163396,469.0,302995,1528.0,11525039,50356.0
2021-04-02 00:00:00+00:00,4802457,46678.0,12392260,89129.0,96438,332.0,164110,714.0,304563,1568.0,11569241,44202.0
2021-04-03 00:00:00+00:00,4802545,88.0,12485509,93249.0,96439,1.0,164623,513.0,304563,0.0,11629289,60048.0
2021-04-04 00:00:00+00:00,4883174,80629.0,12589067,103558.0,96808,369.0,165101,478.0,306453,1890.0,11682136,52847.0
2021-04-05 00:00:00+00:00,4893971,10797.0,12686049,96982.0,97005,197.0,165547,446.0,306893,440.0,11732279,50143.0
2021-04-06 00:00:00+00:00,4902025,8054.0,12801785,115736.0,97431,426.0,166177,630.0,308128,1235.0,11792135,59856.0
2021-04-07 00:00:00+00:00,4902985,960.0,12928574,126789.0,97444,13.0,166862,685.0,308128,0.0,11851393,59258.0
2021-04-08 00:00:00+00:00,5000155,97170.0,13060542,131968.0,98196,752.0,167642,780.0,312540,4412.0,11913292,61899.0
2021-04-09 00:00:00+00:00,5000314,159.0,13205926,145384.0,98202,6.0,168436,794.0,312540,0.0,11990859,77567.0
2021-04-10 00:00:00+00:00,5001685,1371.0,13358805,152879.0,98213,11.0,169275,839.0,312540,0.0,12081443,90584.0
2021-04-11 00:00:00+00:00,5119585,117900.0,13527717,168912.0,98909,696.0,170179,904.0,316616,4076.0,12156529,75086.0
2021-04-12 00:00:00+00:00,5128140,8555.0,13689453,161736.0,99294,385.0,171058,879.0,317763,1147.0,12253697,97168.0
2021-04-13 00:00:00+00:00,5167265,39125.0,13873825,184372.0,99639,345.0,172085,1027.0,319880,2117.0,12336036,82339.0
2021-04-14 00:00:00+00:00,5210772,43507.0,14074564,200739.0,99936,297.0,173123,1038.0,321981,2101.0,12429564,93528.0
2021-04-15 00:00:00+00:00,5248853,38081.0,14291917,217353.0,100232,296.0,174308,1185.0,323865,1884.0,12547866,118302.0
2021-04-16 00:00:00+00:00,5285304,36451.0,14526609,234692.0,100563,331.0,175649,1341.0,325752,1887.0,12671220,123354.0
2021-04-17 00:00:00+00:00,5321176,35872.0,14788003,261394.0,100752,189.0,177150,1501.0,327104,1352.0,12809638,138418.0
2021-04-18 00:00:00+00:00,5350521,29345.0,15061805,273802.0,100892,140.0,178769,1619.0,327586,482.0,12953817,144179.0
2021-04-19 00:00:00+00:00,5357229,6708.0,15320972,259167.0,101339,447.0,180530,1761.0,328718,1132.0,13108565,154748.0
2021-04-20 00:00:00+00:00,5401305,44076.0,15616130,295158.0,101713,374.0,182553,2023.0,330790,2072.0,13276039,167474.0
2021-04-21 00:00:00+00:00,5436229,34924.0,15930774,314644.0,102046,333.0,184657,2104.0,332640,1850.0,13454880,178841.0
2021-04-22 00:00:00+00:00,5469674,33445.0,16263695,332921.0,102323,277.0,186920,2263.0,334497,1857.0,13648159,193279.0
2021-04-23 00:00:00+00:00,5502014,32340.0,16610481,346786.0,102655,332.0,189544,2624.0,336234,1737.0,13867997,219838.0
2021-04-24 00:00:00+00:00,5534656,32642.0,16960172,349691.0,102872,217.0,192311,2767.0,337667,1433.0,14085110,217113.0
2021-04-25 00:00:00+00:00,5559121,24465.0,17313163,352991.0,103017,145.0,195123,2812.0,338191,524.0,14304382,219272.0
2021-04-26 00:00:00+00:00,5565080,5959.0,17636186,323023.0,103415,398.0,197894,2771.0,339392,1201.0,14556089,251707.0
2021-04-27 00:00:00+00:00,5595403,30323.0,17997113,360927.0,103762,347.0,201187,3293.0,341406,2014.0,14817240,261151.0
2021-04-28 00:00:00+00:00,5626985,31582.0,18376421,379308.0,104077,315.0,204832,3645.0,343111,1705.0,15086740,269500.0
2021-04-29 00:00:00+00:00,5653533,26548.0,18762976,386555.0,104385,308.0,208330,3498.0,344830,1719.0,15384418,297678.0
2021-04-30 00:00:00+00:00,5677835,24302.0,19164969,401993.0,104675,290.0,211853,3523.0,346480,1650.0,15684406,299988.0
2021-05-01 00:00:00+00:00,5703505,25670.0,19557457,392488.0,104867,192.0,215542,3689.0,347827,1347.0,15992271,307865.0
2021-05-02 00:00:00+00:00,5713393,9888.0,19925517,368060.0,104980,113.0,218959,3417.0,362043,14216.0,16292725,300454.0
2021-05-03 00:00:00+00:00,5717160,3767.0,20282833,357316.0,105291,311.0,222408,3449.0,363041,998.0,16613292,320567.0
2021-05-04 00:00:00+00:00,5741537,24377.0,20664979,382146.0,105548,257.0,226188,3780.0,364859,1818.0,16951521,338229.0
2021-05-05 00:00:00+00:00,5767541,26004.0,21077410,412431.0,105792,244.0,230168,3980.0,366782,1923.0,17280844,329323.0
2021-05-06 00:00:00+00:00,5789283,21742.0,21491598,414188.0,106011,219.0,234083,3915.0,368373,1591.0,17612351,331507.0
2021-05-07 00:00:00+00:00,5808421,19138.0,21892676,401078.0,106262,251.0,238270,4187.0,369898,1525.0,17930960,318609.0
2021-05-08 00:00:00+00:00,5829166,20745.0,22296081,403405.0,106438,176.0,242347,4077.0,371076,1178.0,18317364,386404.0
2021-05-09 00:00:00+00:00,5838294,9128.0,22662575,366494.0,106553,115.0,246116,3769.0,371478,402.0,18671222,353858.0
